date,UNEMPLOYMENT_RATE,UNEMPLOYMENT_RATE_PCT_CHANGE,LABOR_FORCE_PARTICIPATION,LABOR_FORCE_PARTICIPATION_PCT_CHANGE,REAL_MEDIAN_HH_INCOME,REAL_MEDIAN_HH_INCOME_PCT_CHANGE,GINI_INDEX,GINI_INDEX_PCT_CHANGE,REAL_PCE_PER_CAPITA,REAL_PCE_PER_CAPITA_PCT_CHANGE,LIFE_EXPECTANCY_AT_BIRTH,LIFE_EXPECTANCY_AT_BIRTH_PCT_CHANGE,POVERTY_RATE_OFFICIAL,POVERTY_RATE_OFFICIAL_PCT_CHANGE
1929-01-01,,,,,,,,,635.0,,,,,
1930-01-01,,,,,,,,,569.0,-10.393700787401572,,,,
1931-01-01,,,,,,,,,489.0,-14.059753954305798,,,,
1932-01-01,,,,,,,,,390.0,-20.24539877300614,,,,
1933-01-01,,,,,,,,,366.0,-6.153846153846154,,,,
1934-01-01,,,,,,,,,407.0,11.202185792349727,,,,
1935-01-01,,,,,,,,,439.0,7.862407862407861,,,,
1936-01-01,,,,,,,,,485.0,10.478359908883817,,,,
1937-01-01,,,,,,,,,518.0,6.804123711340204,,,,
1938-01-01,,,,,,,,,495.0,-4.440154440154442,,,,
1939-01-01,,,,,,,,,513.0,3.6363636363636376,,,,
1940-01-01,,,,,,,,,540.0,5.263157894736836,,,,
1941-01-01,,,,,,,,,608.0,12.592592592592599,,,,
1942-01-01,,,,,,,,,660.0,8.552631578947366,,,,
1943-01-01,,,,,,,,,731.0,10.757575757575765,,,,
1944-01-01,,,,,,,,,785.0,7.38714090287278,,,,
1945-01-01,,,,,,,,,857.0,9.171974522292992,,,,
1946-01-01,,,,,,,,,1020.0,19.019836639439912,,,,
1947-01-01,,,,,,,,,1123.0,10.098039215686283,,,,
1948-01-01,3.4,,58.6,,,,,,1193.0,6.233303650934996,,,,
1948-02-01,3.8,11.764705882352944,58.9,0.5119453924914641,,,,,,0.0,,,,
1948-03-01,4.0,5.263157894736836,58.5,-0.6791171477079749,,,,,,0.0,,,,
1948-04-01,3.9,-2.500000000000002,59.0,0.8547008547008517,,,,,,0.0,,,,
1948-05-01,3.5,-10.256410256410254,58.3,-1.1864406779661052,,,,,,0.0,,,,
1948-06-01,3.6,2.857142857142869,59.2,1.543739279588352,,,,,,0.0,,,,
1948-07-01,3.6,0.0,59.3,0.16891891891890332,,,,,,0.0,,,,
1948-08-01,3.9,8.333333333333325,58.9,-0.6745362563237767,,,,,,0.0,,,,
1948-09-01,3.8,-2.564102564102566,58.9,0.0,,,,,,0.0,,,,
1948-10-01,3.7,-2.631578947368407,58.7,-0.3395585738539819,,,,,,0.0,,,,
1948-11-01,3.8,2.7027027027026973,58.7,0.0,,,,,,0.0,,,,
1948-12-01,4.0,5.263157894736836,59.1,0.6814310051107331,,,,,,0.0,,,,
1949-01-01,4.3,7.499999999999996,58.7,-0.6768189509306244,,,,,1195.0,0.16764459346185756,,,,
1949-02-01,4.7,9.302325581395365,59.0,0.5110732538330387,,,,,,0.0,,,,
1949-03-01,5.0,6.382978723404253,58.9,-0.16949152542372614,,,,,,0.0,,,,
1949-04-01,5.3,6.000000000000005,58.8,-0.1697792869269965,,,,,,0.0,,,,
1949-05-01,6.1,15.094339622641506,59.0,0.3401360544217802,,,,,,0.0,,,,
1949-06-01,6.2,1.6393442622950838,58.6,-0.6779661016949157,,,,,,0.0,,,,
1949-07-01,6.7,8.064516129032251,58.9,0.5119453924914641,,,,,,0.0,,,,
1949-08-01,6.8,1.4925373134328401,59.2,0.5093378607810006,,,,,,0.0,,,,
1949-09-01,6.6,-2.941176470588236,59.1,-0.16891891891892552,,,,,,0.0,,,,
1949-10-01,7.9,19.696969696969703,59.6,0.8460236886632888,,,,,,0.0,,,,
1949-11-01,6.4,-18.9873417721519,59.4,-0.3355704697986628,,,,,,0.0,,,,
1949-12-01,6.6,3.124999999999978,59.2,-0.33670033670032407,,,,,,0.0,,,,
1950-01-01,6.5,-1.5151515151515138,58.9,-0.5067567567567655,,,,,1266.0,5.941422594142254,,,,
1950-02-01,6.4,-1.538461538461533,58.9,0.0,,,,,,0.0,,,,
1950-03-01,6.3,-1.562500000000011,58.8,-0.1697792869269965,,,,,,0.0,,,,
1950-04-01,5.8,-7.936507936507942,59.2,0.6802721088435382,,,,,,0.0,,,,
1950-05-01,5.5,-5.1724137931034475,59.1,-0.16891891891892552,,,,,,0.0,,,,
1950-06-01,5.4,-1.8181818181818077,59.4,0.50761421319796,,,,,,0.0,,,,
1950-07-01,5.0,-7.407407407407418,59.1,-0.5050505050504972,,,,,,0.0,,,,
1950-08-01,4.5,-9.999999999999998,59.5,0.6768189509306133,,,,,,0.0,,,,
1950-09-01,4.4,-2.2222222222222143,59.2,-0.5042016806722671,,,,,,0.0,,,,
1950-10-01,4.2,-4.545454545454552,59.4,0.33783783783782884,,,,,,0.0,,,,
1950-11-01,4.2,0.0,59.3,-0.16835016835017313,,,,,,0.0,,,,
1950-12-01,4.3,2.3809523809523725,59.2,-0.1686340640809303,,,,,,0.0,,,,
1951-01-01,3.7,-13.953488372093014,59.1,-0.16891891891892552,,,,,1350.0,6.635071090047395,,,,
1951-02-01,3.4,-8.108108108108114,59.1,0.0,,,,,,0.0,,,,
1951-03-01,3.4,0.0,59.8,1.1844331641285955,,,,,,0.0,,,,
1951-04-01,3.1,-8.823529411764696,59.1,-1.1705685618728978,,,,,,0.0,,,,
1951-05-01,3.0,-3.2258064516129115,59.4,0.50761421319796,,,,,,0.0,,,,
1951-06-01,3.2,6.666666666666665,59.0,-0.6734006734006703,,,,,,0.0,,,,
1951-07-01,3.1,-3.125,59.4,0.6779661016949046,,,,,,0.0,,,,
1951-08-01,3.1,0.0,59.2,-0.33670033670032407,,,,,,0.0,,,,
1951-09-01,3.3,6.451612903225801,59.1,-0.16891891891892552,,,,,,0.0,,,,
1951-10-01,3.5,6.060606060606055,59.4,0.50761421319796,,,,,,0.0,,,,
1951-11-01,3.5,0.0,59.2,-0.33670033670032407,,,,,,0.0,,,,
1951-12-01,3.1,-11.428571428571422,59.6,0.6756756756756799,,,,,,0.0,,,,
1952-01-01,3.2,3.2258064516129004,59.5,-0.1677852348993314,,,,,1397.0,3.4814814814814854,,,,
1952-02-01,3.1,-3.125,59.5,0.0,,,,,,0.0,,,,
1952-03-01,2.9,-6.451612903225811,58.9,-1.0084033613445453,,,,,,0.0,,,,
1952-04-01,2.9,0.0,58.8,-0.1697792869269965,,,,,,0.0,,,,
1952-05-01,3.0,3.4482758620689724,59.1,0.5102040816326703,,,,,,0.0,,,,
1952-06-01,3.0,0.0,59.1,0.0,,,,,,0.0,,,,
1952-07-01,3.2,6.666666666666665,58.9,-0.33840947546531774,,,,,,0.0,,,,
1952-08-01,3.4,6.25,58.7,-0.3395585738539819,,,,,,0.0,,,,
1952-09-01,3.1,-8.823529411764696,59.2,0.8517887563884052,,,,,,0.0,,,,
1952-10-01,3.0,-3.2258064516129115,58.7,-0.8445945945945943,,,,,,0.0,,,,
1952-11-01,2.8,-6.666666666666677,59.1,0.6814310051107331,,,,,,0.0,,,,
1952-12-01,2.7,-3.5714285714285587,59.2,0.16920473773265332,,,,,,0.0,,,,
1953-01-01,2.9,7.407407407407396,59.5,0.5067567567567544,,,,,1459.0,4.438081603435928,,,,
1953-02-01,2.6,-10.344827586206895,59.5,0.0,,,,,,0.0,,,,
1953-03-01,2.6,0.0,59.6,0.1680672268907557,,,,,,0.0,,,,
1953-04-01,2.7,3.8461538461538547,59.1,-0.8389261744966459,,,,,,0.0,,,,
1953-05-01,2.5,-7.407407407407418,58.6,-0.8460236886632777,,,,,,0.0,,,,
1953-06-01,2.5,0.0,58.9,0.5119453924914641,,,,,,0.0,,,,
1953-07-01,2.6,4.0000000000000036,58.9,0.0,,,,,,0.0,,,,
1953-08-01,2.7,3.8461538461538547,58.6,-0.5093378607809784,,,,,,0.0,,,,
1953-09-01,2.9,7.407407407407396,58.5,-0.17064846416382506,,,,,,0.0,,,,
1953-10-01,3.1,6.896551724137945,58.5,0.0,,,,,,0.0,,,,
1953-11-01,3.5,12.903225806451601,58.6,0.17094017094017033,,,,,,0.0,,,,
1953-12-01,4.5,28.57142857142858,58.3,-0.5119453924914752,,,,,,0.0,,,,
1954-01-01,4.9,8.888888888888902,58.6,0.5145797598627766,,,,,1476.0,1.165181631254275,,,,
1954-02-01,5.2,6.1224489795918435,59.3,1.1945392491467421,,,,,,0.0,,,,
1954-03-01,5.7,9.615384615384626,59.1,-0.3372681281618828,,,,,,0.0,,,,
1954-04-01,5.9,3.5087719298245723,59.2,0.16920473773265332,,,,,,0.0,,,,
1954-05-01,5.9,0.0,58.9,-0.5067567567567655,,,,,,0.0,,,,
1954-06-01,5.6,-5.084745762711873,58.5,-0.6791171477079749,,,,,,0.0,,,,
1954-07-01,5.8,3.571428571428581,58.4,-0.17094017094017033,,,,,,0.0,,,,
1954-08-01,6.0,3.4482758620689724,58.7,0.5136986301369939,,,,,,0.0,,,,
1954-09-01,6.1,1.6666666666666607,59.2,0.8517887563884052,,,,,,0.0,,,,
1954-10-01,5.7,-6.5573770491803245,58.8,-0.6756756756756799,,,,,,0.0,,,,
1954-11-01,5.3,-7.017543859649134,58.6,-0.340136054421758,,,,,,0.0,,,,
1954-12-01,5.0,-5.660377358490565,58.1,-0.8532423208191142,,,,,,0.0,,,,
1955-01-01,4.9,-1.9999999999999907,58.6,0.8605851979345935,,,,,1563.0,5.894308943089421,,,,
1955-02-01,4.7,-4.081632653061229,58.4,-0.34129692832765013,,,,,,0.0,,,,
1955-03-01,4.6,-2.1276595744680993,58.5,0.1712328767123239,,,,,,0.0,,,,
1955-04-01,4.7,2.1739130434782705,59.0,0.8547008547008517,,,,,,0.0,,,,
1955-05-01,4.3,-8.510638297872353,58.8,-0.3389830508474634,,,,,,0.0,,,,
1955-06-01,4.2,-2.3255813953488302,58.8,0.0,,,,,,0.0,,,,
1955-07-01,4.0,-4.761904761904767,59.3,0.8503401360544283,,,,,,0.0,,,,
1955-08-01,4.2,5.000000000000004,59.7,0.6745362563237878,,,,,,0.0,,,,
1955-09-01,4.1,-2.3809523809523947,59.7,0.0,,,,,,0.0,,,,
1955-10-01,4.3,4.878048780487809,59.8,0.16750418760467234,,,,,,0.0,,,,
1955-11-01,4.2,-2.3255813953488302,59.9,0.16722408026756952,,,,,,0.0,,,,
1955-12-01,4.2,0.0,60.2,0.5008347245408995,,,,,,0.0,,,,
1956-01-01,4.0,-4.761904761904767,60.2,0.0,,,,,1612.0,3.1349968010236706,,,,
1956-02-01,3.9,-2.500000000000002,59.9,-0.4983388704319025,,,,,,0.0,,,,
1956-03-01,4.2,7.692307692307709,59.8,-0.16694490818029983,,,,,,0.0,,,,
1956-04-01,4.0,-4.761904761904767,59.9,0.16722408026756952,,,,,,0.0,,,,
1956-05-01,4.3,7.499999999999996,60.2,0.5008347245408995,,,,,,0.0,,,,
1956-06-01,4.3,0.0,60.1,-0.16611295681063787,,,,,,0.0,,,,
1956-07-01,4.4,2.3255813953488413,60.1,0.0,,,,,,0.0,,,,
1956-08-01,4.1,-6.818181818181834,60.0,-0.16638935108153063,,,,,,0.0,,,,
1956-09-01,3.9,-4.8780487804877986,60.0,0.0,,,,,,0.0,,,,
1956-10-01,3.9,0.0,59.8,-0.33333333333334103,,,,,,0.0,,,,
1956-11-01,4.3,10.256410256410264,59.8,0.0,,,,,,0.0,,,,
1956-12-01,4.2,-2.3255813953488302,59.8,0.0,,,,,,0.0,,,,
1957-01-01,4.2,0.0,59.5,-0.5016722408026753,,,,,1672.0,3.7220843672456594,,,,
1957-02-01,3.9,-7.142857142857151,59.9,0.6722689075630228,,,,,,0.0,,,,
1957-03-01,3.7,-5.128205128205121,59.8,-0.16694490818029983,,,,,,0.0,,,,
1957-04-01,3.9,5.405405405405395,59.5,-0.5016722408026753,,,,,,0.0,,,,
1957-05-01,4.1,5.128205128205132,59.5,0.0,,,,,,0.0,,,,
1957-06-01,4.3,4.878048780487809,59.8,0.5042016806722671,,,,,,0.0,,,,
1957-07-01,4.2,-2.3255813953488302,60.0,0.33444816053511683,,,,,,0.0,,,,
1957-08-01,4.1,-2.3809523809523947,59.3,-1.1666666666666714,,,,,,0.0,,,,
1957-09-01,4.4,7.317073170731736,59.6,0.5059021922428464,,,,,,0.0,,,,
1957-10-01,4.5,2.2727272727272707,59.5,-0.1677852348993314,,,,,,0.0,,,,
1957-11-01,5.1,13.33333333333333,59.5,0.0,,,,,,0.0,,,,
1957-12-01,5.2,1.9607843137255054,59.6,0.1680672268907557,,,,,,0.0,,,,
1958-01-01,5.8,11.538461538461542,59.3,-0.5033557046979942,,,,,1698.0,1.5550239234449759,,,,
1958-02-01,6.4,10.344827586206895,59.3,0.0,,,,,,0.0,,,,
1958-03-01,6.7,4.6875,59.3,0.0,,,,,,0.0,,,,
1958-04-01,7.4,10.447761194029859,59.6,0.5059021922428464,,,,,,0.0,,,,
1958-05-01,7.4,0.0,59.8,0.3355704697986406,,,,,,0.0,,,,
1958-06-01,7.3,-1.3513513513513598,59.5,-0.5016722408026753,,,,,,0.0,,,,
1958-07-01,7.5,2.7397260273972712,59.6,0.1680672268907557,,,,,,0.0,,,,
1958-08-01,7.4,-1.3333333333333308,59.8,0.3355704697986406,,,,,,0.0,,,,
1958-09-01,7.1,-4.054054054054069,59.7,-0.16722408026754731,,,,,,0.0,,,,
1958-10-01,6.7,-5.633802816901401,59.6,-0.16750418760469454,,,,,,0.0,,,,
1958-11-01,6.2,-7.462686567164178,59.2,-0.6711409395973145,,,,,,0.0,,,,
1958-12-01,6.2,0.0,59.2,0.0,,,,,,0.0,,,,
1959-01-01,6.0,-3.2258064516129115,59.3,0.16891891891890332,,,,,1790.0,5.418138987043575,,,,
1959-02-01,5.9,-1.6666666666666607,59.0,-0.5059021922428242,,,,,,0.0,,,,
1959-03-01,5.6,-5.084745762711873,59.3,0.5084745762711895,,,,,,0.0,,,,
1959-04-01,5.2,-7.142857142857128,59.4,0.1686340640809414,,,,,,0.0,,,,
1959-05-01,5.1,-1.9230769230769384,59.2,-0.33670033670032407,,,,,,0.0,,,,
1959-06-01,5.0,-1.9607843137254832,59.2,0.0,,,,,,0.0,,,,
1959-07-01,5.1,2.0000000000000018,59.4,0.33783783783782884,,,,,,0.0,,,,
1959-08-01,5.2,1.9607843137255054,59.2,-0.33670033670032407,,,,,,0.0,,,,
1959-09-01,5.5,5.769230769230771,59.3,0.16891891891890332,,,,,,0.0,,,,
1959-10-01,5.7,3.6363636363636376,59.4,0.1686340640809414,,,,,,0.0,,,,
1959-11-01,5.8,1.754385964912264,59.1,-0.5050505050504972,,,,,,0.0,,,,
1959-12-01,5.3,-8.62068965517241,59.5,0.6768189509306133,,,,,,0.0,,,,
1960-01-01,5.2,-1.8867924528301772,59.1,-0.6722689075630228,,,,,1832.0,2.346368715083802,69.7707317073171,,,
1960-02-01,4.8,-7.692307692307699,59.1,0.0,,,,,,0.0,,0.0,,
1960-03-01,5.4,12.500000000000021,58.5,-1.0152284263959421,,,,,,0.0,,0.0,,
1960-04-01,5.2,-3.703703703703709,59.5,1.7094017094017033,,,,,,0.0,,0.0,,
1960-05-01,5.1,-1.9230769230769384,59.5,0.0,,,,,,0.0,,0.0,,
1960-06-01,5.4,5.882352941176494,59.7,0.3361344537815114,,,,,,0.0,,0.0,,
1960-07-01,5.5,1.8518518518518379,59.5,-0.3350083752093891,,,,,,0.0,,0.0,,
1960-08-01,5.6,1.8181818181818077,59.5,0.0,,,,,,0.0,,0.0,,
1960-09-01,5.5,-1.7857142857142794,59.7,0.3361344537815114,,,,,,0.0,,0.0,,
1960-10-01,6.1,10.909090909090914,59.4,-0.5025125628140725,,,,,,0.0,,0.0,,
1960-11-01,6.1,0.0,59.8,0.6734006734006703,,,,,,0.0,,0.0,,
1960-12-01,6.6,8.196721311475418,59.7,-0.16722408026754731,,,,,,0.0,,0.0,,
1961-01-01,6.6,0.0,59.6,-0.16750418760469454,,,,,1858.0,1.419213973799116,70.2707317073171,0.7166328742221895,,
1961-02-01,6.9,4.545454545454564,59.6,0.0,,,,,,0.0,,0.0,,
1961-03-01,6.9,0.0,59.7,0.1677852348993314,,,,,,0.0,,0.0,,
1961-04-01,7.0,1.4492753623188248,59.3,-0.6700167504187671,,,,,,0.0,,0.0,,
1961-05-01,7.1,1.4285714285714235,59.4,0.1686340640809414,,,,,,0.0,,0.0,,
1961-06-01,6.9,-2.8169014084506894,59.7,0.5050505050505194,,,,,,0.0,,0.0,,
1961-07-01,7.0,1.4492753623188248,59.3,-0.6700167504187671,,,,,,0.0,,0.0,,
1961-08-01,6.6,-5.714285714285716,59.3,0.0,,,,,,0.0,,0.0,,
1961-09-01,6.7,1.5151515151515138,59.0,-0.5059021922428242,,,,,,0.0,,0.0,,
1961-10-01,6.5,-2.985074626865669,59.1,0.16949152542373724,,,,,,0.0,,0.0,,
1961-11-01,6.1,-6.153846153846154,59.1,0.0,,,,,,0.0,,0.0,,
1961-12-01,6.0,-1.6393442622950727,58.8,-0.5076142131979822,,,,,,0.0,,0.0,,
1962-01-01,5.8,-3.3333333333333326,58.8,0.0,,,,,1943.0,4.574811625403652,70.119512195122,-0.21519558501957858,,
1962-02-01,5.5,-5.1724137931034475,59.0,0.3401360544217802,,,,,,0.0,,0.0,,
1962-03-01,5.6,1.8181818181818077,58.9,-0.16949152542372614,,,,,,0.0,,0.0,,
1962-04-01,5.6,0.0,58.7,-0.3395585738539819,,,,,,0.0,,0.0,,
1962-05-01,5.5,-1.7857142857142794,58.9,0.34071550255536653,,,,,,0.0,,0.0,,
1962-06-01,5.5,0.0,58.8,-0.1697792869269965,,,,,,0.0,,0.0,,
1962-07-01,5.4,-1.8181818181818077,58.5,-0.5102040816326481,,,,,,0.0,,0.0,,
1962-08-01,5.7,5.555555555555558,59.0,0.8547008547008517,,,,,,0.0,,0.0,,
1962-09-01,5.6,-1.7543859649122862,59.0,0.0,,,,,,0.0,,0.0,,
1962-10-01,5.4,-3.5714285714285587,58.7,-0.5084745762711784,,,,,,0.0,,0.0,,
1962-11-01,5.7,5.555555555555558,58.5,-0.34071550255536653,,,,,,0.0,,0.0,,
1962-12-01,5.5,-3.508771929824561,58.4,-0.17094017094017033,,,,,,0.0,,0.0,,
1963-01-01,5.7,3.6363636363636376,58.6,0.34246575342467,,,36.7,,2018.0,3.8600102933607827,69.9170731707317,-0.28870569411117986,,
1963-02-01,5.9,3.5087719298245723,58.6,0.0,,,,0.0,,0.0,,0.0,,
1963-03-01,5.7,-3.3898305084745783,58.6,0.0,,,,0.0,,0.0,,0.0,,
1963-04-01,5.7,0.0,58.8,0.3412969283276279,,,,0.0,,0.0,,0.0,,
1963-05-01,5.9,3.5087719298245723,58.8,0.0,,,,0.0,,0.0,,0.0,,
1963-06-01,5.6,-5.084745762711873,58.5,-0.5102040816326481,,,,0.0,,0.0,,0.0,,
1963-07-01,5.6,0.0,58.7,0.34188034188034067,,,,0.0,,0.0,,0.0,,
1963-08-01,5.4,-3.5714285714285587,58.5,-0.34071550255536653,,,,0.0,,0.0,,0.0,,
1963-09-01,5.5,1.8518518518518379,58.7,0.34188034188034067,,,,0.0,,0.0,,0.0,,
1963-10-01,5.5,0.0,58.8,0.17035775127767216,,,,0.0,,0.0,,0.0,,
1963-11-01,5.7,3.6363636363636376,58.8,0.0,,,,0.0,,0.0,,0.0,,
1963-12-01,5.5,-3.508771929824561,58.5,-0.5102040816326481,,,,0.0,,0.0,,0.0,,
1964-01-01,5.6,1.8181818181818077,58.6,0.17094017094017033,,,37.4,1.9073569482288777,2140.0,6.045589692765119,70.1658536585366,0.35582222842396316,,
1964-02-01,5.4,-3.5714285714285587,58.8,0.3412969283276279,,,,0.0,,0.0,,0.0,,
1964-03-01,5.4,0.0,58.7,-0.170068027210879,,,,0.0,,0.0,,0.0,,
1964-04-01,5.3,-1.85185185185186,59.1,0.6814310051107331,,,,0.0,,0.0,,0.0,,
1964-05-01,5.1,-3.7735849056603765,59.1,0.0,,,,0.0,,0.0,,0.0,,
1964-06-01,5.2,1.9607843137255054,58.7,-0.6768189509306244,,,,0.0,,0.0,,0.0,,
1964-07-01,4.9,-5.769230769230771,58.6,-0.17035775127768327,,,,0.0,,0.0,,0.0,,
1964-08-01,5.0,2.0408163265306145,58.6,0.0,,,,0.0,,0.0,,0.0,,
1964-09-01,5.1,2.0000000000000018,58.7,0.17064846416381396,,,,0.0,,0.0,,0.0,,
1964-10-01,5.1,0.0,58.6,-0.17035775127768327,,,,0.0,,0.0,,0.0,,
1964-11-01,4.8,-5.882352941176472,58.5,-0.17064846416382506,,,,0.0,,0.0,,0.0,,
1964-12-01,5.0,4.166666666666674,58.6,0.17094017094017033,,,,0.0,,0.0,,0.0,,
1965-01-01,4.9,-1.9999999999999907,58.6,0.0,,,36.8,-1.6042780748663166,2279.0,6.4953271028037385,70.2146341463415,0.06952169076752668,,
1965-02-01,5.1,4.081632653061207,58.7,0.17064846416381396,,,,0.0,,0.0,,0.0,,
1965-03-01,4.7,-7.843137254901955,58.7,0.0,,,,0.0,,0.0,,0.0,,
1965-04-01,4.8,2.127659574468077,58.8,0.17035775127767216,,,,0.0,,0.0,,0.0,,
1965-05-01,4.6,-4.166666666666674,59.0,0.3401360544217802,,,,0.0,,0.0,,0.0,,
1965-06-01,4.6,0.0,58.8,-0.3389830508474634,,,,0.0,,0.0,,0.0,,
1965-07-01,4.4,-4.347826086956507,59.1,0.5102040816326703,,,,0.0,,0.0,,0.0,,
1965-08-01,4.4,0.0,58.9,-0.33840947546531774,,,,0.0,,0.0,,0.0,,
1965-09-01,4.3,-2.272727272727282,58.7,-0.3395585738539819,,,,0.0,,0.0,,0.0,,
1965-10-01,4.2,-2.3255813953488302,58.9,0.34071550255536653,,,,0.0,,0.0,,0.0,,
1965-11-01,4.1,-2.3809523809523947,58.8,-0.1697792869269965,,,,0.0,,0.0,,0.0,,
1965-12-01,4.0,-2.4390243902438935,59.0,0.3401360544217802,,,,0.0,,0.0,,0.0,,
1966-01-01,4.0,0.0,59.0,0.0,,,37.1,0.8152173913043681,2441.0,7.1083808688021,70.2121951219512,-0.0034736695846304677,,
1966-02-01,3.8,-5.000000000000004,58.8,-0.3389830508474634,,,,0.0,,0.0,,0.0,,
1966-03-01,3.8,0.0,58.8,0.0,,,,0.0,,0.0,,0.0,,
1966-04-01,3.8,0.0,59.0,0.3401360544217802,,,,0.0,,0.0,,0.0,,
1966-05-01,3.9,2.6315789473684292,59.0,0.0,,,,0.0,,0.0,,0.0,,
1966-06-01,3.8,-2.564102564102566,59.1,0.16949152542373724,,,,0.0,,0.0,,0.0,,
1966-07-01,3.8,0.0,59.1,0.0,,,,0.0,,0.0,,0.0,,
1966-08-01,3.8,0.0,59.3,0.33840947546530664,,,,0.0,,0.0,,0.0,,
1966-09-01,3.7,-2.631578947368407,59.3,0.0,,,,0.0,,0.0,,0.0,,
1966-10-01,3.7,0.0,59.3,0.0,,,,0.0,,0.0,,0.0,,
1966-11-01,3.6,-2.7027027027027084,59.6,0.5059021922428464,,,,0.0,,0.0,,0.0,,
1966-12-01,3.8,5.555555555555558,59.5,-0.1677852348993314,,,,0.0,,0.0,,0.0,,
1967-01-01,3.9,2.6315789473684292,59.5,0.0,,,36.9,-0.5390835579514919,2549.0,4.424416222859473,70.5609756097561,0.4967520061138986,,
1967-02-01,3.8,-2.564102564102566,59.3,-0.3361344537815225,,,,0.0,,0.0,,0.0,,
1967-03-01,3.8,0.0,59.1,-0.3372681281618828,,,,0.0,,0.0,,0.0,,
1967-04-01,3.8,0.0,59.4,0.50761421319796,,,,0.0,,0.0,,0.0,,
1967-05-01,3.8,0.0,59.3,-0.16835016835017313,,,,0.0,,0.0,,0.0,,
1967-06-01,3.9,2.6315789473684292,59.6,0.5059021922428464,,,,0.0,,0.0,,0.0,,
1967-07-01,3.8,-2.564102564102566,59.6,0.0,,,,0.0,,0.0,,0.0,,
1967-08-01,3.8,0.0,59.7,0.1677852348993314,,,,0.0,,0.0,,0.0,,
1967-09-01,3.8,0.0,59.7,0.0,,,,0.0,,0.0,,0.0,,
1967-10-01,4.0,5.263157894736836,59.9,0.3350083752093669,,,,0.0,,0.0,,0.0,,
1967-11-01,3.9,-2.500000000000002,59.8,-0.16694490818029983,,,,0.0,,0.0,,0.0,,
1967-12-01,3.8,-2.564102564102566,59.9,0.16722408026756952,,,,0.0,,0.0,,0.0,,
1968-01-01,3.7,-2.631578947368407,59.2,-1.1686143572620988,,,36.3,-1.6260162601626105,2774.0,8.826990976853665,69.9512195121951,-0.8641548565503365,,
1968-02-01,3.8,2.7027027027026973,59.6,0.6756756756756799,,,,0.0,,0.0,,0.0,,
1968-03-01,3.7,-2.631578947368407,59.6,0.0,,,,0.0,,0.0,,0.0,,
1968-04-01,3.5,-5.405405405405405,59.5,-0.1677852348993314,,,,0.0,,0.0,,0.0,,
1968-05-01,3.5,0.0,59.9,0.6722689075630228,,,,0.0,,0.0,,0.0,,
1968-06-01,3.7,5.714285714285716,60.0,0.16694490818029983,,,,0.0,,0.0,,0.0,,
1968-07-01,3.7,0.0,59.8,-0.33333333333334103,,,,0.0,,0.0,,0.0,,
1968-08-01,3.5,-5.405405405405405,59.6,-0.33444816053510573,,,,0.0,,0.0,,0.0,,
1968-09-01,3.4,-2.857142857142858,59.5,-0.1677852348993314,,,,0.0,,0.0,,0.0,,
1968-10-01,3.4,0.0,59.5,0.0,,,,0.0,,0.0,,0.0,,
1968-11-01,3.4,0.0,59.6,0.1680672268907557,,,,0.0,,0.0,,0.0,,
1968-12-01,3.4,0.0,59.7,0.1677852348993314,,,,0.0,,0.0,,0.0,,
1969-01-01,3.4,0.0,59.6,-0.16750418760469454,,,36.0,-0.8264462809917328,2977.0,7.31795241528479,70.5073170731708,0.7949790794980371,,
1969-02-01,3.4,0.0,60.0,0.6711409395973034,,,,0.0,,0.0,,0.0,,
1969-03-01,3.4,0.0,59.9,-0.16666666666667052,,,,0.0,,0.0,,0.0,,
1969-04-01,3.4,0.0,60.0,0.16694490818029983,,,,0.0,,0.0,,0.0,,
1969-05-01,3.4,0.0,59.8,-0.33333333333334103,,,,0.0,,0.0,,0.0,,
1969-06-01,3.5,2.941176470588247,60.1,0.5016722408026864,,,,0.0,,0.0,,0.0,,
1969-07-01,3.5,0.0,60.1,0.0,,,,0.0,,0.0,,0.0,,
1969-08-01,3.5,0.0,60.3,0.33277870216306127,,,,0.0,,0.0,,0.0,,
1969-09-01,3.7,5.714285714285716,60.3,0.0,,,,0.0,,0.0,,0.0,,
1969-10-01,3.7,0.0,60.4,0.16583747927032544,,,,0.0,,0.0,,0.0,,
1969-11-01,3.5,-5.405405405405405,60.2,-0.3311258278145601,,,,0.0,,0.0,,0.0,,
1969-12-01,3.5,0.0,60.2,0.0,,,,0.0,,0.0,,0.0,,
1970-01-01,3.9,11.428571428571432,60.4,0.33222591362125353,,,36.6,1.6666666666666607,3153.0,5.9119919381928066,70.8073170731707,0.4254877542547275,,
1970-02-01,4.2,7.692307692307709,60.4,0.0,,,,0.0,,0.0,,0.0,,
1970-03-01,4.4,4.761904761904767,60.6,0.33112582781458233,,,,0.0,,0.0,,0.0,,
1970-04-01,4.6,4.545454545454519,60.6,0.0,,,,0.0,,0.0,,0.0,,
1970-05-01,4.8,4.347826086956519,60.3,-0.4950495049505066,,,,0.0,,0.0,,0.0,,
1970-06-01,4.9,2.083333333333348,60.2,-0.16583747927030323,,,,0.0,,0.0,,0.0,,
1970-07-01,5.0,2.0408163265306145,60.4,0.33222591362125353,,,,0.0,,0.0,,0.0,,
1970-08-01,5.1,2.0000000000000018,60.3,-0.16556291390729116,,,,0.0,,0.0,,0.0,,
1970-09-01,5.4,5.882352941176494,60.2,-0.16583747927030323,,,,0.0,,0.0,,0.0,,
1970-10-01,5.5,1.8518518518518379,60.4,0.33222591362125353,,,,0.0,,0.0,,0.0,,
1970-11-01,5.9,7.272727272727275,60.4,0.0,,,,0.0,,0.0,,0.0,,
1970-12-01,6.1,3.3898305084745672,60.4,0.0,,,,0.0,,0.0,,0.0,,
1971-01-01,5.9,-3.2786885245901565,60.4,0.0,,,36.9,0.8196721311475308,3370.0,6.8823342848081115,71.1073170731707,0.42368502635115046,,
1971-02-01,5.9,0.0,60.1,-0.4966887417218513,,,,0.0,,0.0,,0.0,,
1971-03-01,6.0,1.6949152542372836,60.0,-0.16638935108153063,,,,0.0,,0.0,,0.0,,
1971-04-01,5.9,-1.6666666666666607,60.1,0.16666666666667052,,,,0.0,,0.0,,0.0,,
1971-05-01,5.9,0.0,60.2,0.16638935108153063,,,,0.0,,0.0,,0.0,,
1971-06-01,5.9,0.0,59.8,-0.6644518272425293,,,,0.0,,0.0,,0.0,,
1971-07-01,6.0,1.6949152542372836,60.1,0.5016722408026864,,,,0.0,,0.0,,0.0,,
1971-08-01,6.1,1.6666666666666607,60.2,0.16638935108153063,,,,0.0,,0.0,,0.0,,
1971-09-01,6.0,-1.6393442622950727,60.1,-0.16611295681063787,,,,0.0,,0.0,,0.0,,
1971-10-01,5.8,-3.3333333333333326,60.1,0.0,,,,0.0,,0.0,,0.0,,
1971-11-01,6.0,3.4482758620689724,60.4,0.4991680532445919,,,,0.0,,0.0,,0.0,,
1971-12-01,6.0,0.0,60.4,0.0,,,,0.0,,0.0,,0.0,,
1972-01-01,5.8,-3.3333333333333326,60.2,-0.3311258278145601,,,36.7,-0.5420054200541924,3659.0,8.575667655786345,71.1560975609756,0.06860122110174949,,
1972-02-01,5.7,-1.724137931034475,60.2,0.0,,,,0.0,,0.0,,0.0,,
1972-03-01,5.8,1.754385964912264,60.5,0.4983388704318914,,,,0.0,,0.0,,0.0,,
1972-04-01,5.7,-1.724137931034475,60.4,-0.16528925619835322,,,,0.0,,0.0,,0.0,,
1972-05-01,5.7,0.0,60.4,0.0,,,,0.0,,0.0,,0.0,,
1972-06-01,5.7,0.0,60.4,0.0,,,,0.0,,0.0,,0.0,,
1972-07-01,5.6,-1.7543859649122862,60.4,0.0,,,,0.0,,0.0,,0.0,,
1972-08-01,5.6,0.0,60.6,0.33112582781458233,,,,0.0,,0.0,,0.0,,
1972-09-01,5.5,-1.7857142857142794,60.4,-0.330033003300334,,,,0.0,,0.0,,0.0,,
1972-10-01,5.6,1.8181818181818077,60.3,-0.16556291390729116,,,,0.0,,0.0,,0.0,,
1972-11-01,5.3,-5.357142857142849,60.3,0.0,,,,0.0,,0.0,,0.0,,
1972-12-01,5.2,-1.8867924528301772,60.5,0.3316749585406287,,,,0.0,,0.0,,0.0,,
1973-01-01,4.9,-5.769230769230771,60.0,-0.8264462809917328,,,36.1,-1.6348773841961872,4009.0,9.565455042361304,71.3560975609756,0.28107218756427965,,
1973-02-01,5.0,2.0408163265306145,60.5,0.8333333333333304,,,,0.0,,0.0,,0.0,,
1973-03-01,4.9,-1.9999999999999907,60.8,0.49586776859502635,,,,0.0,,0.0,,0.0,,
1973-04-01,5.0,2.0408163265306145,60.8,0.0,,,,0.0,,0.0,,0.0,,
1973-05-01,4.9,-1.9999999999999907,60.6,-0.3289473684210509,,,,0.0,,0.0,,0.0,,
1973-06-01,4.9,0.0,60.9,0.4950495049504955,,,,0.0,,0.0,,0.0,,
1973-07-01,4.8,-2.0408163265306256,60.9,0.0,,,,0.0,,0.0,,0.0,,
1973-08-01,4.8,0.0,60.7,-0.3284072249589376,,,,0.0,,0.0,,0.0,,
1973-09-01,4.8,0.0,60.8,0.16474464579900872,,,,0.0,,0.0,,0.0,,
1973-10-01,4.6,-4.166666666666674,60.9,0.164473684210531,,,,0.0,,0.0,,0.0,,
1973-11-01,4.8,4.347826086956519,61.2,0.49261083743843415,,,,0.0,,0.0,,0.0,,
1973-12-01,4.9,2.083333333333348,61.2,0.0,,,,0.0,,0.0,,0.0,,
1974-01-01,5.1,4.081632653061207,61.3,0.16339869281045694,,,35.5,-1.6620498614958512,4349.0,8.480917934647048,71.9560975609756,0.8408531583265155,,
1974-02-01,5.2,1.9607843137255054,61.4,0.16313213703100793,,,,0.0,,0.0,,0.0,,
1974-03-01,5.1,-1.9230769230769384,61.3,-0.16286644951140072,,,,0.0,,0.0,,0.0,,
1974-04-01,5.1,0.0,61.1,-0.32626427406198255,,,,0.0,,0.0,,0.0,,
1974-05-01,5.1,0.0,61.2,0.16366612111293755,,,,0.0,,0.0,,0.0,,
1974-06-01,5.4,5.882352941176494,61.2,0.0,,,,0.0,,0.0,,0.0,,
1974-07-01,5.5,1.8518518518518379,61.4,0.32679738562091387,,,,0.0,,0.0,,0.0,,
1974-08-01,5.5,0.0,61.2,-0.32573289902279035,,,,0.0,,0.0,,0.0,,
1974-09-01,5.9,7.272727272727275,61.4,0.32679738562091387,,,,0.0,,0.0,,0.0,,
1974-10-01,6.0,1.6949152542372836,61.3,-0.16286644951140072,,,,0.0,,0.0,,0.0,,
1974-11-01,6.6,9.999999999999986,61.3,0.0,,,,0.0,,0.0,,0.0,,
1974-12-01,7.2,9.090909090909104,61.2,-0.16313213703098572,,,,0.0,,0.0,,0.0,,
1975-01-01,8.1,12.5,61.4,0.32679738562091387,,,35.6,0.28169014084507005,4771.0,9.703380087376413,72.6048780487805,0.9016337875398461,,
1975-02-01,8.1,0.0,61.0,-0.6514657980456029,,,,0.0,,0.0,,0.0,,
1975-03-01,8.6,6.172839506172845,61.2,0.3278688524590123,,,,0.0,,0.0,,0.0,,
1975-04-01,8.8,2.3255813953488413,61.3,0.16339869281045694,,,,0.0,,0.0,,0.0,,
1975-05-01,9.0,2.2727272727272707,61.5,0.32626427406199365,,,,0.0,,0.0,,0.0,,
1975-06-01,8.8,-2.2222222222222143,61.2,-0.4878048780487809,,,,0.0,,0.0,,0.0,,
1975-07-01,8.6,-2.272727272727282,61.3,0.16339869281045694,,,,0.0,,0.0,,0.0,,
1975-08-01,8.4,-2.3255813953488302,61.3,0.0,,,,0.0,,0.0,,0.0,,
1975-09-01,8.4,0.0,61.2,-0.16313213703098572,,,,0.0,,0.0,,0.0,,
1975-10-01,8.4,0.0,61.2,0.0,,,,0.0,,0.0,,0.0,,
1975-11-01,8.3,-1.1904761904761862,61.1,-0.16339869281045694,,,,0.0,,0.0,,0.0,,
1975-12-01,8.2,-1.2048192771084487,61.1,0.0,,,,0.0,,0.0,,0.0,,
1976-01-01,7.9,-3.658536585365846,61.3,0.3273322422258529,,,35.6,0.0,5262.0,10.29134353385035,72.8560975609756,0.3460091373286289,,
1976-02-01,7.7,-2.5316455696202556,61.3,0.0,,,,0.0,,0.0,,0.0,,
1976-03-01,7.6,-1.2987012987013102,61.3,0.0,,,,0.0,,0.0,,0.0,,
1976-04-01,7.7,1.3157894736842257,61.6,0.4893964110930016,,,,0.0,,0.0,,0.0,,
1976-05-01,7.4,-3.8961038961038974,61.5,-0.16233766233766378,,,,0.0,,0.0,,0.0,,
1976-06-01,7.6,2.7027027027026973,61.5,0.0,,,,0.0,,0.0,,0.0,,
1976-07-01,7.8,2.6315789473684292,61.8,0.4878048780487809,,,,0.0,,0.0,,0.0,,
1976-08-01,7.8,0.0,61.8,0.0,,,,0.0,,0.0,,0.0,,
1976-09-01,7.6,-2.564102564102566,61.6,-0.3236245954692518,,,,0.0,,0.0,,0.0,,
1976-10-01,7.7,1.3157894736842257,61.6,0.0,,,,0.0,,0.0,,0.0,,
1976-11-01,7.8,1.298701298701288,61.9,0.48701298701299134,,,,0.0,,0.0,,0.0,,
1976-12-01,7.8,0.0,61.8,-0.1615508885298933,,,,0.0,,0.0,,0.0,,
1977-01-01,7.5,-3.8461538461538436,61.6,-0.3236245954692518,,,35.5,-0.2808988764045006,5783.0,9.901178259217037,73.2560975609756,0.5490274848515275,,
1977-02-01,7.6,1.3333333333333197,61.9,0.48701298701299134,,,,0.0,,0.0,,0.0,,
1977-03-01,7.4,-2.631578947368407,62.0,0.1615508885298933,,,,0.0,,0.0,,0.0,,
1977-04-01,7.2,-2.7027027027027084,62.1,0.1612903225806539,,,,0.0,,0.0,,0.0,,
1977-05-01,7.0,-2.777777777777779,62.2,0.16103059581320522,,,,0.0,,0.0,,0.0,,
1977-06-01,7.2,2.857142857142869,62.4,0.3215434083601254,,,,0.0,,0.0,,0.0,,
1977-07-01,6.9,-4.1666666666666625,62.1,-0.48076923076922906,,,,0.0,,0.0,,0.0,,
1977-08-01,7.0,1.4492753623188248,62.3,0.32206119162641045,,,,0.0,,0.0,,0.0,,
1977-09-01,6.8,-2.857142857142858,62.3,0.0,,,,0.0,,0.0,,0.0,,
1977-10-01,6.8,0.0,62.4,0.16051364365972098,,,,0.0,,0.0,,0.0,,
1977-11-01,6.8,0.0,62.8,0.6410256410256387,,,,0.0,,0.0,,0.0,,
1977-12-01,6.4,-5.88235294117646,62.7,-0.15923566878980333,,,,0.0,,0.0,,0.0,,
1978-01-01,6.4,0.0,62.8,0.15948963317382603,,,34.8,-1.9718309859155014,6388.0,10.461698080581016,73.3560975609756,0.1365074080239559,,
1978-02-01,6.3,-1.562500000000011,62.7,-0.15923566878980333,,,,0.0,,0.0,,0.0,,
1978-03-01,6.3,0.0,62.8,0.15948963317382603,,,,0.0,,0.0,,0.0,,
1978-04-01,6.1,-3.1746031746031744,63.0,0.31847133757962887,,,,0.0,,0.0,,0.0,,
1978-05-01,6.0,-1.6393442622950727,63.1,0.15873015873015817,,,,0.0,,0.0,,0.0,,
1978-06-01,5.9,-1.6666666666666607,63.3,0.31695721077653616,,,,0.0,,0.0,,0.0,,
1978-07-01,6.2,5.084745762711851,63.2,-0.15797788309636074,,,,0.0,,0.0,,0.0,,
1978-08-01,5.9,-4.8387096774193505,63.2,0.0,,,,0.0,,0.0,,0.0,,
1978-09-01,6.0,1.6949152542372836,63.3,0.15822784810126667,,,,0.0,,0.0,,0.0,,
1978-10-01,5.8,-3.3333333333333326,63.3,0.0,,,,0.0,,0.0,,0.0,,
1978-11-01,5.9,1.7241379310344973,63.5,0.3159557661927437,,,,0.0,,0.0,,0.0,,
1978-12-01,6.0,1.6949152542372836,63.6,0.15748031496063408,,,,0.0,,0.0,,0.0,,
1979-01-01,5.9,-1.6666666666666607,63.6,0.0,,,34.8,0.0,7043.0,10.253600500939264,73.8048780487805,0.6117834818460066,,
1979-02-01,5.9,0.0,63.8,0.3144654088050203,,,,0.0,,0.0,,0.0,,
1979-03-01,5.8,-1.6949152542372947,63.8,0.0,,,,0.0,,0.0,,0.0,,
1979-04-01,5.8,0.0,63.5,-0.470219435736674,,,,0.0,,0.0,,0.0,,
1979-05-01,5.6,-3.4482758620689724,63.3,-0.31496062992126816,,,,0.0,,0.0,,0.0,,
1979-06-01,5.7,1.7857142857143016,63.5,0.3159557661927437,,,,0.0,,0.0,,0.0,,
1979-07-01,5.7,0.0,63.6,0.15748031496063408,,,,0.0,,0.0,,0.0,,
1979-08-01,6.0,5.263157894736836,63.6,0.0,,,,0.0,,0.0,,0.0,,
1979-09-01,5.9,-1.6666666666666607,63.8,0.3144654088050203,,,,0.0,,0.0,,0.0,,
1979-10-01,6.0,1.6949152542372836,63.7,-0.15673981191222097,,,,0.0,,0.0,,0.0,,
1979-11-01,5.9,-1.6666666666666607,63.7,0.0,,,,0.0,,0.0,,0.0,,
1979-12-01,6.0,1.6949152542372836,63.9,0.31397174254317317,,,,0.0,,0.0,,0.0,,
1980-01-01,6.3,5.000000000000004,64.0,0.15649452269170805,,,34.7,-0.2873563218390607,7688.0,9.158029248899613,73.609756097561,-0.26437541308655943,,
1980-02-01,6.3,0.0,64.0,0.0,,,,0.0,,0.0,,0.0,,
1980-03-01,6.3,0.0,63.7,-0.46874999999999556,,,,0.0,,0.0,,0.0,,
1980-04-01,6.9,9.523809523809534,63.8,0.15698587127157548,,,,0.0,,0.0,,0.0,,
1980-05-01,7.5,8.695652173913038,63.9,0.15673981191222097,,,,0.0,,0.0,,0.0,,
1980-06-01,7.6,1.3333333333333197,63.7,-0.312989045383405,,,,0.0,,0.0,,0.0,,
1980-07-01,7.8,2.6315789473684292,63.8,0.15698587127157548,,,,0.0,,0.0,,0.0,,
1980-08-01,7.7,-1.2820512820512775,63.7,-0.15673981191222097,,,,0.0,,0.0,,0.0,,
1980-09-01,7.5,-2.5974025974025983,63.6,-0.15698587127158659,,,,0.0,,0.0,,0.0,,
1980-10-01,7.5,0.0,63.7,0.15723270440251014,,,,0.0,,0.0,,0.0,,
1980-11-01,7.5,0.0,63.8,0.15698587127157548,,,,0.0,,0.0,,0.0,,
1980-12-01,7.2,-3.9999999999999925,63.6,-0.31347962382444194,,,,0.0,,0.0,,0.0,,
1981-01-01,7.5,4.166666666666674,63.9,0.4716981132075526,,,35.5,2.3054755043227626,8408.0,9.365244536940697,74.009756097561,0.5434062292908992,,
1981-02-01,7.4,-1.3333333333333308,63.9,0.0,,,,0.0,,0.0,,0.0,,
1981-03-01,7.4,0.0,64.1,0.3129890453833939,,,,0.0,,0.0,,0.0,,
1981-04-01,7.2,-2.7027027027027084,64.2,0.15600624024962872,,,,0.0,,0.0,,0.0,,
1981-05-01,7.5,4.166666666666674,64.3,0.15576323987538387,,,,0.0,,0.0,,0.0,,
1981-06-01,7.5,0.0,63.7,-0.9331259720062102,,,,0.0,,0.0,,0.0,,
1981-07-01,7.2,-3.9999999999999925,63.8,0.15698587127157548,,,,0.0,,0.0,,0.0,,
1981-08-01,7.4,2.77777777777779,63.8,0.0,,,,0.0,,0.0,,0.0,,
1981-09-01,7.6,2.7027027027026973,63.5,-0.470219435736674,,,,0.0,,0.0,,0.0,,
1981-10-01,7.9,3.9473684210526327,63.8,0.47244094488188004,,,,0.0,,0.0,,0.0,,
1981-11-01,8.3,5.063291139240511,63.9,0.15673981191222097,,,,0.0,,0.0,,0.0,,
1981-12-01,8.5,2.409638554216853,63.6,-0.46948356807511304,,,,0.0,,0.0,,0.0,,
1982-01-01,8.6,1.17647058823529,63.7,0.15723270440251014,,,36.7,3.3802816901408628,8919.0,6.077545195052325,74.3609756097561,0.4745583970471534,,
1982-02-01,8.9,3.488372093023262,63.8,0.15698587127157548,,,,0.0,,0.0,,0.0,,
1982-03-01,9.0,1.1235955056179803,63.8,0.0,,,,0.0,,0.0,,0.0,,
1982-04-01,9.3,3.3333333333333437,63.9,0.15673981191222097,,,,0.0,,0.0,,0.0,,
1982-05-01,9.4,1.0752688172043001,64.2,0.46948356807512415,,,,0.0,,0.0,,0.0,,
1982-06-01,9.6,2.127659574468077,63.9,-0.4672897196261738,,,,0.0,,0.0,,0.0,,
1982-07-01,9.8,2.083333333333348,64.0,0.15649452269170805,,,,0.0,,0.0,,0.0,,
1982-08-01,9.8,0.0,64.1,0.15624999999999112,,,,0.0,,0.0,,0.0,,
1982-09-01,10.1,3.0612244897959107,64.1,0.0,,,,0.0,,0.0,,0.0,,
1982-10-01,10.4,2.970297029702973,64.1,0.0,,,,0.0,,0.0,,0.0,,
1982-11-01,10.8,3.8461538461538547,64.2,0.15600624024962872,,,,0.0,,0.0,,0.0,,
1982-12-01,10.8,0.0,64.1,-0.15576323987540608,,,,0.0,,0.0,,0.0,,
1983-01-01,10.4,-3.703703703703709,63.9,-0.31201248049921304,,,37.3,1.634877384196165,9737.0,9.17143177486266,74.4634146341463,0.13775911834159604,,
1983-02-01,10.4,0.0,63.8,-0.15649452269170805,,,,0.0,,0.0,,0.0,,
1983-03-01,10.3,-0.9615384615384581,63.7,-0.15673981191222097,,,,0.0,,0.0,,0.0,,
1983-04-01,10.2,-0.9708737864077777,63.8,0.15698587127157548,,,,0.0,,0.0,,0.0,,
1983-05-01,10.1,-0.9803921568627416,63.7,-0.15673981191222097,,,,0.0,,0.0,,0.0,,
1983-06-01,10.1,0.0,64.3,0.9419152276294973,,,,0.0,,0.0,,0.0,,
1983-07-01,9.4,-6.930693069306926,64.1,-0.3110419906687478,,,,0.0,,0.0,,0.0,,
1983-08-01,9.5,1.0638297872340496,64.3,0.31201248049923525,,,,0.0,,0.0,,0.0,,
1983-09-01,9.2,-3.157894736842115,64.3,0.0,,,,0.0,,0.0,,0.0,,
1983-10-01,8.8,-4.347826086956507,64.0,-0.4665629860031051,,,,0.0,,0.0,,0.0,,
1983-11-01,8.5,-3.409090909090917,64.1,0.15624999999999112,,,,0.0,,0.0,,0.0,,
1983-12-01,8.3,-2.35294117647058,64.1,0.0,,,,0.0,,0.0,,0.0,,
1984-01-01,8.0,-3.614457831325313,63.9,-0.31201248049921304,60420.0,,37.3,0.0,10543.0,8.277703604806419,74.5634146341464,0.13429413691463665,,
1984-02-01,7.8,-2.500000000000002,64.1,0.3129890453833939,,0.0,,0.0,,0.0,,0.0,,
1984-03-01,7.8,0.0,64.1,0.0,,0.0,,0.0,,0.0,,0.0,,
1984-04-01,7.7,-1.2820512820512775,64.3,0.31201248049923525,,0.0,,0.0,,0.0,,0.0,,
1984-05-01,7.4,-3.8961038961038974,64.5,0.3110419906687367,,0.0,,0.0,,0.0,,0.0,,
1984-06-01,7.2,-2.7027027027027084,64.6,0.15503875968991832,,0.0,,0.0,,0.0,,0.0,,
1984-07-01,7.5,4.166666666666674,64.6,0.0,,0.0,,0.0,,0.0,,0.0,,
1984-08-01,7.5,0.0,64.4,-0.3095975232197956,,0.0,,0.0,,0.0,,0.0,,
1984-09-01,7.3,-2.6666666666666727,64.4,0.0,,0.0,,0.0,,0.0,,0.0,,
1984-10-01,7.4,1.3698630136986356,64.4,0.0,,0.0,,0.0,,0.0,,0.0,,
1984-11-01,7.2,-2.7027027027027084,64.5,0.15527950310558758,,0.0,,0.0,,0.0,,0.0,,
1984-12-01,7.3,1.388888888888884,64.6,0.15503875968991832,,0.0,,0.0,,0.0,,0.0,,
1985-01-01,7.3,0.0,64.7,0.1547987616099311,61570.0,1.9033432638199344,37.6,0.8042895442359255,11374.0,7.882007018875092,74.5634146341464,0.0,,
1985-02-01,7.2,-1.3698630136986245,64.7,0.0,,0.0,,0.0,,0.0,,0.0,,
1985-03-01,7.2,0.0,64.9,0.3091190108191588,,0.0,,0.0,,0.0,,0.0,,
1985-04-01,7.3,1.388888888888884,64.9,0.0,,0.0,,0.0,,0.0,,0.0,,
1985-05-01,7.2,-1.3698630136986245,64.8,-0.1540832049306773,,0.0,,0.0,,0.0,,0.0,,
1985-06-01,7.4,2.77777777777779,64.6,-0.30864197530864335,,0.0,,0.0,,0.0,,0.0,,
1985-07-01,7.4,0.0,64.7,0.1547987616099311,,0.0,,0.0,,0.0,,0.0,,
1985-08-01,7.1,-4.054054054054069,64.6,-0.15455950540959051,,0.0,,0.0,,0.0,,0.0,,
1985-09-01,7.1,0.0,64.9,0.46439628482974893,,0.0,,0.0,,0.0,,0.0,,
1985-10-01,7.1,0.0,65.0,0.15408320493064398,,0.0,,0.0,,0.0,,0.0,,
1985-11-01,7.0,-1.4084507042253502,64.9,-0.15384615384614886,,0.0,,0.0,,0.0,,0.0,,
1985-12-01,7.0,0.0,65.0,0.15408320493064398,,0.0,,0.0,,0.0,,0.0,,
1986-01-01,6.7,-4.285714285714281,64.9,-0.15384615384614886,63850.0,3.703102160142935,37.6,0.0,11992.0,5.43344469843503,74.6146341463415,0.06869255176471523,,
1986-02-01,7.2,7.462686567164178,65.0,0.15408320493064398,,0.0,,0.0,,0.0,,0.0,,
1986-03-01,7.2,0.0,65.1,0.15384615384614886,,0.0,,0.0,,0.0,,0.0,,
1986-04-01,7.1,-1.388888888888895,65.1,0.0,,0.0,,0.0,,0.0,,0.0,,
1986-05-01,7.2,1.4084507042253502,65.2,0.1536098310291889,,0.0,,0.0,,0.0,,0.0,,
1986-06-01,7.2,0.0,65.4,0.30674846625766694,,0.0,,0.0,,0.0,,0.0,,
1986-07-01,7.0,-2.777777777777779,65.4,0.0,,0.0,,0.0,,0.0,,0.0,,
1986-08-01,6.9,-1.4285714285714235,65.3,-0.152905198776776,,0.0,,0.0,,0.0,,0.0,,
1986-09-01,7.0,1.4492753623188248,65.4,0.15313935681471325,,0.0,,0.0,,0.0,,0.0,,
1986-10-01,7.0,0.0,65.4,0.0,,0.0,,0.0,,0.0,,0.0,,
1986-11-01,6.9,-1.4285714285714235,65.4,0.0,,0.0,,0.0,,0.0,,0.0,,
1986-12-01,6.6,-4.34782608695653,65.3,-0.152905198776776,,0.0,,0.0,,0.0,,0.0,,
1987-01-01,6.6,0.0,65.4,0.15313935681471325,64650.0,1.2529365700861383,37.2,-1.0638297872340385,12668.0,5.63709139426285,74.7658536585366,0.20266736401670649,,
1987-02-01,6.6,0.0,65.5,0.1529051987767538,,0.0,,0.0,,0.0,,0.0,,
1987-03-01,6.6,0.0,65.5,0.0,,0.0,,0.0,,0.0,,0.0,,
1987-04-01,6.3,-4.545454545454541,65.4,-0.15267175572518665,,0.0,,0.0,,0.0,,0.0,,
1987-05-01,6.3,0.0,65.7,0.4587155963302614,,0.0,,0.0,,0.0,,0.0,,
1987-06-01,6.2,-1.5873015873015817,65.5,-0.30441400304414,,0.0,,0.0,,0.0,,0.0,,
1987-07-01,6.1,-1.6129032258064613,65.6,0.15267175572517555,,0.0,,0.0,,0.0,,0.0,,
1987-08-01,6.0,-1.6393442622950727,65.7,0.1524390243902607,,0.0,,0.0,,0.0,,0.0,,
1987-09-01,5.9,-1.6666666666666607,65.5,-0.30441400304414,,0.0,,0.0,,0.0,,0.0,,
1987-10-01,6.0,1.6949152542372836,65.7,0.3053435114503955,,0.0,,0.0,,0.0,,0.0,,
1987-11-01,5.8,-3.3333333333333326,65.7,0.0,,0.0,,0.0,,0.0,,0.0,,
1987-12-01,5.7,-1.724137931034475,65.7,0.0,,0.0,,0.0,,0.0,,0.0,,
1988-01-01,5.7,0.0,65.8,0.15220700152205335,65130.0,0.742459396751749,37.7,1.3440860215053752,13589.0,7.270287338174919,74.7658536585366,0.0,,
1988-02-01,5.7,0.0,65.9,0.1519756838905817,,0.0,,0.0,,0.0,,0.0,,
1988-03-01,5.7,0.0,65.7,-0.3034901365705611,,0.0,,0.0,,0.0,,0.0,,
1988-04-01,5.4,-5.263157894736836,65.8,0.15220700152205335,,0.0,,0.0,,0.0,,0.0,,
1988-05-01,5.6,3.703703703703698,65.7,-0.1519756838905706,,0.0,,0.0,,0.0,,0.0,,
1988-06-01,5.4,-3.5714285714285587,65.8,0.15220700152205335,,0.0,,0.0,,0.0,,0.0,,
1988-07-01,5.4,0.0,65.9,0.1519756838905817,,0.0,,0.0,,0.0,,0.0,,
1988-08-01,5.6,3.703703703703698,66.1,0.3034901365705389,,0.0,,0.0,,0.0,,0.0,,
1988-09-01,5.4,-3.5714285714285587,65.9,-0.3025718608169248,,0.0,,0.0,,0.0,,0.0,,
1988-10-01,5.4,0.0,66.0,0.15174506828528056,,0.0,,0.0,,0.0,,0.0,,
1988-11-01,5.3,-1.85185185185186,66.2,0.3030303030303161,,0.0,,0.0,,0.0,,0.0,,
1988-12-01,5.3,0.0,66.1,-0.15105740181270422,,0.0,,0.0,,0.0,,0.0,,
1989-01-01,5.4,1.8867924528301883,66.5,0.605143721633894,66240.0,1.704283740211876,38.2,1.3262599469495928,14458.0,6.3948782103171675,75.0170731707317,0.33600835127549633,,
1989-02-01,5.2,-3.703703703703709,66.3,-0.300751879699257,,0.0,,0.0,,0.0,,0.0,,
1989-03-01,5.0,-3.8461538461538547,66.3,0.0,,0.0,,0.0,,0.0,,0.0,,
1989-04-01,5.2,4.0000000000000036,66.4,0.15082956259429015,,0.0,,0.0,,0.0,,0.0,,
1989-05-01,5.2,0.0,66.3,-0.1506024096385672,,0.0,,0.0,,0.0,,0.0,,
1989-06-01,5.3,1.9230769230769162,66.5,0.3016591251885359,,0.0,,0.0,,0.0,,0.0,,
1989-07-01,5.2,-1.8867924528301772,66.5,0.0,,0.0,,0.0,,0.0,,0.0,,
1989-08-01,5.2,0.0,66.5,0.0,,0.0,,0.0,,0.0,,0.0,,
1989-09-01,5.3,1.9230769230769162,66.4,-0.15037593984961184,,0.0,,0.0,,0.0,,0.0,,
1989-10-01,5.3,0.0,66.5,0.1506024096385561,,0.0,,0.0,,0.0,,0.0,,
1989-11-01,5.4,1.8867924528301883,66.6,0.15037593984961184,,0.0,,0.0,,0.0,,0.0,,
1989-12-01,5.4,0.0,66.5,-0.15015015015014122,,0.0,,0.0,,0.0,,0.0,,
1990-01-01,5.4,0.0,66.8,0.4511278195488577,65440.0,-1.2077294685990392,38.3,0.2617801047120283,15225.0,5.305021441416513,75.2146341463415,0.2633546834867273,,
1990-02-01,5.3,-1.85185185185186,66.7,-0.1497005988023825,,0.0,,0.0,,0.0,,0.0,,
1990-03-01,5.2,-1.8867924528301772,66.7,0.0,,0.0,,0.0,,0.0,,0.0,,
1990-04-01,5.4,3.8461538461538547,66.6,-0.14992503748126884,,0.0,,0.0,,0.0,,0.0,,
1990-05-01,5.4,0.0,66.6,0.0,,0.0,,0.0,,0.0,,0.0,,
1990-06-01,5.2,-3.703703703703709,66.4,-0.30030030030028243,,0.0,,0.0,,0.0,,0.0,,
1990-07-01,5.5,5.769230769230771,66.5,0.1506024096385561,,0.0,,0.0,,0.0,,0.0,,
1990-08-01,5.7,3.6363636363636376,66.5,0.0,,0.0,,0.0,,0.0,,0.0,,
1990-09-01,5.9,3.5087719298245723,66.4,-0.15037593984961184,,0.0,,0.0,,0.0,,0.0,,
1990-10-01,5.9,0.0,66.4,0.0,,0.0,,0.0,,0.0,,0.0,,
1990-11-01,6.2,5.084745762711851,66.4,0.0,,0.0,,0.0,,0.0,,0.0,,
1990-12-01,6.3,1.6129032258064502,66.4,0.0,,0.0,,0.0,,0.0,,0.0,,
1991-01-01,6.4,1.5873015873016039,66.2,-0.3012048192771122,63530.0,-2.9187041564792127,38.0,-0.7832898172323688,15554.0,2.1609195402298775,75.3658536585366,0.2010506517932109,,
1991-02-01,6.6,3.124999999999978,66.2,0.0,,0.0,,0.0,,0.0,,0.0,,
1991-03-01,6.8,3.0303030303030276,66.3,0.1510574018126709,,0.0,,0.0,,0.0,,0.0,,
1991-04-01,6.7,-1.4705882352941124,66.4,0.15082956259429015,,0.0,,0.0,,0.0,,0.0,,
1991-05-01,6.9,2.9850746268656803,66.2,-0.3012048192771122,,0.0,,0.0,,0.0,,0.0,,
1991-06-01,6.9,0.0,66.2,0.0,,0.0,,0.0,,0.0,,0.0,,
1991-07-01,6.8,-1.449275362318847,66.1,-0.15105740181270422,,0.0,,0.0,,0.0,,0.0,,
1991-08-01,6.9,1.4705882352941346,66.0,-0.1512859304084624,,0.0,,0.0,,0.0,,0.0,,
1991-09-01,6.9,0.0,66.2,0.3030303030303161,,0.0,,0.0,,0.0,,0.0,,
1991-10-01,7.0,1.4492753623188248,66.1,-0.15105740181270422,,0.0,,0.0,,0.0,,0.0,,
1991-11-01,7.0,0.0,66.1,0.0,,0.0,,0.0,,0.0,,0.0,,
1991-12-01,7.3,4.285714285714293,66.0,-0.1512859304084624,,0.0,,0.0,,0.0,,0.0,,
1992-01-01,7.3,0.0,66.3,0.4545454545454408,63010.0,-0.8185109397135237,38.4,1.0526315789473717,16338.0,5.040504050405037,75.6170731707317,0.3333333333333188,,
1992-02-01,7.4,1.3698630136986356,66.2,-0.15082956259425684,,0.0,,0.0,,0.0,,0.0,,
1992-03-01,7.4,0.0,66.4,0.30211480362538623,,0.0,,0.0,,0.0,,0.0,,
1992-04-01,7.4,0.0,66.5,0.1506024096385561,,0.0,,0.0,,0.0,,0.0,,
1992-05-01,7.6,2.7027027027026973,66.6,0.15037593984961184,,0.0,,0.0,,0.0,,0.0,,
1992-06-01,7.8,2.6315789473684292,66.7,0.15015015015016342,,0.0,,0.0,,0.0,,0.0,,
1992-07-01,7.7,-1.2820512820512775,66.7,0.0,,0.0,,0.0,,0.0,,0.0,,
1992-08-01,7.6,-1.2987012987013102,66.6,-0.14992503748126884,,0.0,,0.0,,0.0,,0.0,,
1992-09-01,7.6,0.0,66.5,-0.15015015015014122,,0.0,,0.0,,0.0,,0.0,,
1992-10-01,7.3,-3.9473684210526327,66.2,-0.4511278195488688,,0.0,,0.0,,0.0,,0.0,,
1992-11-01,7.4,1.3698630136986356,66.3,0.1510574018126709,,0.0,,0.0,,0.0,,0.0,,
1992-12-01,7.4,0.0,66.3,0.0,,0.0,,0.0,,0.0,,0.0,,
1993-01-01,7.3,-1.3513513513513598,66.2,-0.15082956259425684,62700.0,-0.4919853991429912,40.4,5.208333333333326,17104.0,4.688456359407511,75.419512195122,-0.26126503886714225,,
1993-02-01,7.1,-2.73972602739726,66.2,0.0,,0.0,,0.0,,0.0,,0.0,,
1993-03-01,7.0,-1.4084507042253502,66.2,0.0,,0.0,,0.0,,0.0,,0.0,,
1993-04-01,7.1,1.4285714285714235,66.1,-0.15105740181270422,,0.0,,0.0,,0.0,,0.0,,
1993-05-01,7.1,0.0,66.4,0.4538577912254427,,0.0,,0.0,,0.0,,0.0,,
1993-06-01,7.0,-1.4084507042253502,66.5,0.1506024096385561,,0.0,,0.0,,0.0,,0.0,,
1993-07-01,6.9,-1.4285714285714235,66.4,-0.15037593984961184,,0.0,,0.0,,0.0,,0.0,,
1993-08-01,6.8,-1.449275362318847,66.4,0.0,,0.0,,0.0,,0.0,,0.0,,
1993-09-01,6.7,-1.4705882352941124,66.2,-0.3012048192771122,,0.0,,0.0,,0.0,,0.0,,
1993-10-01,6.8,1.4925373134328401,66.3,0.1510574018126709,,0.0,,0.0,,0.0,,0.0,,
1993-11-01,6.6,-2.941176470588236,66.3,0.0,,0.0,,0.0,,0.0,,0.0,,
1993-12-01,6.5,-1.5151515151515138,66.4,0.15082956259429015,,0.0,,0.0,,0.0,,0.0,,
1994-01-01,6.6,1.538461538461533,66.6,0.30120481927709,63370.0,1.068580542264752,40.0,-0.990099009900991,17919.0,4.764967259120678,75.619512195122,0.26518336459480096,,
1994-02-01,6.6,0.0,66.6,0.0,,0.0,,0.0,,0.0,,0.0,,
1994-03-01,6.5,-1.5151515151515138,66.5,-0.15015015015014122,,0.0,,0.0,,0.0,,0.0,,
1994-04-01,6.4,-1.538461538461533,66.5,0.0,,0.0,,0.0,,0.0,,0.0,,
1994-05-01,6.1,-4.687500000000011,66.6,0.15037593984961184,,0.0,,0.0,,0.0,,0.0,,
1994-06-01,6.1,0.0,66.4,-0.30030030030028243,,0.0,,0.0,,0.0,,0.0,,
1994-07-01,6.1,0.0,66.4,0.0,,0.0,,0.0,,0.0,,0.0,,
1994-08-01,6.0,-1.6393442622950727,66.6,0.30120481927709,,0.0,,0.0,,0.0,,0.0,,
1994-09-01,5.9,-1.6666666666666607,66.6,0.0,,0.0,,0.0,,0.0,,0.0,,
1994-10-01,5.8,-1.6949152542372947,66.7,0.15015015015016342,,0.0,,0.0,,0.0,,0.0,,
1994-11-01,5.6,-3.4482758620689724,66.7,0.0,,0.0,,0.0,,0.0,,0.0,,
1994-12-01,5.5,-1.7857142857142794,66.7,0.0,,0.0,,0.0,,0.0,,0.0,,
1995-01-01,5.6,1.8181818181818077,66.8,0.14992503748125774,65380.0,3.171847877544587,39.9,-0.2500000000000058,18615.0,3.884145320609411,75.6219512195122,0.003225390272154627,,
1995-02-01,5.4,-3.5714285714285587,66.8,0.0,,0.0,,0.0,,0.0,,0.0,,
1995-03-01,5.4,0.0,66.7,-0.1497005988023825,,0.0,,0.0,,0.0,,0.0,,
1995-04-01,5.8,7.407407407407396,66.9,0.2998500749625155,,0.0,,0.0,,0.0,,0.0,,
1995-05-01,5.6,-3.4482758620689724,66.5,-0.5979073243647326,,0.0,,0.0,,0.0,,0.0,,
1995-06-01,5.6,0.0,66.5,0.0,,0.0,,0.0,,0.0,,0.0,,
1995-07-01,5.7,1.7857142857143016,66.6,0.15037593984961184,,0.0,,0.0,,0.0,,0.0,,
1995-08-01,5.7,0.0,66.6,0.0,,0.0,,0.0,,0.0,,0.0,,
1995-09-01,5.6,-1.7543859649122862,66.6,0.0,,0.0,,0.0,,0.0,,0.0,,
1995-10-01,5.5,-1.7857142857142794,66.6,0.0,,0.0,,0.0,,0.0,,0.0,,
1995-11-01,5.6,1.8181818181818077,66.5,-0.15015015015014122,,0.0,,0.0,,0.0,,0.0,,
1995-12-01,5.6,0.0,66.4,-0.15037593984961184,,0.0,,0.0,,0.0,,0.0,,
1996-01-01,5.6,0.0,66.4,0.0,66340.0,1.4683389415723447,40.3,1.0025062656641603,19445.0,4.4587698092935835,76.0268292682927,0.5353975165296232,,
1996-02-01,5.5,-1.7857142857142794,66.6,0.30120481927709,,0.0,,0.0,,0.0,,0.0,,
1996-03-01,5.5,0.0,66.6,0.0,,0.0,,0.0,,0.0,,0.0,,
1996-04-01,5.6,1.8181818181818077,66.7,0.15015015015016342,,0.0,,0.0,,0.0,,0.0,,
1996-05-01,5.6,0.0,66.7,0.0,,0.0,,0.0,,0.0,,0.0,,
1996-06-01,5.3,-5.357142857142849,66.7,0.0,,0.0,,0.0,,0.0,,0.0,,
1996-07-01,5.5,3.7735849056603765,66.9,0.2998500749625155,,0.0,,0.0,,0.0,,0.0,,
1996-08-01,5.1,-7.272727272727275,66.7,-0.2989536621823663,,0.0,,0.0,,0.0,,0.0,,
1996-09-01,5.2,1.9607843137255054,66.9,0.2998500749625155,,0.0,,0.0,,0.0,,0.0,,
1996-10-01,5.2,0.0,67.0,0.1494768310911665,,0.0,,0.0,,0.0,,0.0,,
1996-11-01,5.4,3.8461538461538547,67.0,0.0,,0.0,,0.0,,0.0,,0.0,,
1996-12-01,5.4,0.0,67.0,0.0,,0.0,,0.0,,0.0,,0.0,,
1997-01-01,5.3,-1.85185185185186,67.0,0.0,67720.0,2.080192945432624,40.5,0.496277915632759,20284.0,4.314733864746723,76.4292682926829,0.5293381668858288,,
1997-02-01,5.2,-1.8867924528301772,66.9,-0.14925373134327957,,0.0,,0.0,,0.0,,0.0,,
1997-03-01,5.2,0.0,67.1,0.2989536621823552,,0.0,,0.0,,0.0,,0.0,,
1997-04-01,5.1,-1.9230769230769384,67.1,0.0,,0.0,,0.0,,0.0,,0.0,,
1997-05-01,4.9,-3.9215686274509665,67.1,0.0,,0.0,,0.0,,0.0,,0.0,,
1997-06-01,5.0,2.0408163265306145,67.1,0.0,,0.0,,0.0,,0.0,,0.0,,
1997-07-01,4.9,-1.9999999999999907,67.2,0.14903129657228842,,0.0,,0.0,,0.0,,0.0,,
1997-08-01,4.8,-2.0408163265306256,67.2,0.0,,0.0,,0.0,,0.0,,0.0,,
1997-09-01,4.9,2.083333333333348,67.1,-0.14880952380953438,,0.0,,0.0,,0.0,,0.0,,
1997-10-01,4.7,-4.081632653061229,67.1,0.0,,0.0,,0.0,,0.0,,0.0,,
1997-11-01,4.6,-2.1276595744680993,67.2,0.14903129657228842,,0.0,,0.0,,0.0,,0.0,,
1997-12-01,4.7,2.1739130434782705,67.2,0.0,,0.0,,0.0,,0.0,,0.0,,
1998-01-01,4.6,-2.1276595744680993,67.1,-0.14880952380953438,70200.0,3.6621382161842853,40.0,-1.2345679012345734,21283.0,4.925064089923081,76.5804878048781,0.19785550165953847,,
1998-02-01,4.6,0.0,67.1,0.0,,0.0,,0.0,,0.0,,0.0,,
1998-03-01,4.7,2.1739130434782705,67.1,0.0,,0.0,,0.0,,0.0,,0.0,,
1998-04-01,4.3,-8.510638297872353,67.0,-0.14903129657226621,,0.0,,0.0,,0.0,,0.0,,
1998-05-01,4.4,2.3255813953488413,67.0,0.0,,0.0,,0.0,,0.0,,0.0,,
1998-06-01,4.5,2.2727272727272707,67.0,0.0,,0.0,,0.0,,0.0,,0.0,,
1998-07-01,4.5,0.0,67.0,0.0,,0.0,,0.0,,0.0,,0.0,,
1998-08-01,4.5,0.0,67.0,0.0,,0.0,,0.0,,0.0,,0.0,,
1998-09-01,4.6,2.2222222222222143,67.2,0.29850746268658135,,0.0,,0.0,,0.0,,0.0,,
1998-10-01,4.5,-2.1739130434782483,67.2,0.0,,0.0,,0.0,,0.0,,0.0,,
1998-11-01,4.4,-2.2222222222222143,67.1,-0.14880952380953438,,0.0,,0.0,,0.0,,0.0,,
1998-12-01,4.4,0.0,67.2,0.14903129657228842,,0.0,,0.0,,0.0,,0.0,,
1999-01-01,4.3,-2.272727272727282,67.2,0.0,71980.0,2.5356125356125414,40.0,0.0,22496.0,5.699384485269943,76.5829268292683,0.0031849162366537342,,
1999-02-01,4.4,2.3255813953488413,67.2,0.0,,0.0,,0.0,,0.0,,0.0,,
1999-03-01,4.2,-4.545454545454552,67.0,-0.29761904761904656,,0.0,,0.0,,0.0,,0.0,,
1999-04-01,4.3,2.3809523809523725,67.1,0.14925373134326847,,0.0,,0.0,,0.0,,0.0,,
1999-05-01,4.2,-2.3255813953488302,67.1,0.0,,0.0,,0.0,,0.0,,0.0,,
1999-06-01,4.3,2.3809523809523725,67.1,0.0,,0.0,,0.0,,0.0,,0.0,,
1999-07-01,4.3,0.0,67.1,0.0,,0.0,,0.0,,0.0,,0.0,,
1999-08-01,4.2,-2.3255813953488302,67.0,-0.14903129657226621,,0.0,,0.0,,0.0,,0.0,,
1999-09-01,4.2,0.0,67.0,0.0,,0.0,,0.0,,0.0,,0.0,,
1999-10-01,4.1,-2.3809523809523947,67.0,0.0,,0.0,,0.0,,0.0,,0.0,,
1999-11-01,4.1,0.0,67.1,0.14925373134326847,,0.0,,0.0,,0.0,,0.0,,
1999-12-01,4.0,-2.4390243902438935,67.1,0.0,,0.0,,0.0,,0.0,,0.0,,
2000-01-01,4.0,0.0,67.3,0.29806259314455463,71790.0,-0.26396221172547696,40.1,0.24999999999999467,23963.0,6.521159317211955,76.6365853658537,0.07006592566647374,,
2000-02-01,4.1,2.499999999999991,67.3,0.0,,0.0,,0.0,,0.0,,0.0,,
2000-03-01,4.0,-2.4390243902438935,67.3,0.0,,0.0,,0.0,,0.0,,0.0,,
2000-04-01,3.8,-5.000000000000004,67.3,0.0,,0.0,,0.0,,0.0,,0.0,,
2000-05-01,4.0,5.263157894736836,67.1,-0.2971768202080227,,0.0,,0.0,,0.0,,0.0,,
2000-06-01,4.0,0.0,67.1,0.0,,0.0,,0.0,,0.0,,0.0,,
2000-07-01,4.0,0.0,66.9,-0.29806259314454353,,0.0,,0.0,,0.0,,0.0,,
2000-08-01,4.1,2.499999999999991,66.9,0.0,,0.0,,0.0,,0.0,,0.0,,
2000-09-01,3.9,-4.8780487804877986,66.9,0.0,,0.0,,0.0,,0.0,,0.0,,
2000-10-01,3.9,0.0,66.8,-0.1494768310911887,,0.0,,0.0,,0.0,,0.0,,
2000-11-01,3.9,0.0,66.9,0.14970059880241582,,0.0,,0.0,,0.0,,0.0,,
2000-12-01,3.9,0.0,67.0,0.1494768310911665,,0.0,,0.0,,0.0,,0.0,,
2001-01-01,4.2,7.692307692307709,67.2,0.29850746268658135,70610.0,-1.643682964201143,40.6,1.2468827930174564,24801.0,3.4970579643617272,76.8365853658537,0.2609719614270478,,
2001-02-01,4.2,0.0,67.1,-0.14880952380953438,,0.0,,0.0,,0.0,,0.0,,
2001-03-01,4.3,2.3809523809523725,67.2,0.14903129657228842,,0.0,,0.0,,0.0,,0.0,,
2001-04-01,4.4,2.3255813953488413,66.9,-0.44642857142856984,,0.0,,0.0,,0.0,,0.0,,
2001-05-01,4.3,-2.272727272727282,66.7,-0.2989536621823663,,0.0,,0.0,,0.0,,0.0,,
2001-06-01,4.5,4.651162790697683,66.7,0.0,,0.0,,0.0,,0.0,,0.0,,
2001-07-01,4.6,2.2222222222222143,66.8,0.14992503748125774,,0.0,,0.0,,0.0,,0.0,,
2001-08-01,4.9,6.521739130434789,66.5,-0.44910179640718084,,0.0,,0.0,,0.0,,0.0,,
2001-09-01,5.0,2.0408163265306145,66.8,0.4511278195488577,,0.0,,0.0,,0.0,,0.0,,
2001-10-01,5.3,6.000000000000005,66.7,-0.1497005988023825,,0.0,,0.0,,0.0,,0.0,,
2001-11-01,5.5,3.7735849056603765,66.7,0.0,,0.0,,0.0,,0.0,,0.0,,
2001-12-01,5.7,3.6363636363636376,66.7,0.0,,0.0,,0.0,,0.0,,0.0,,
2002-01-01,5.7,0.0,66.5,-0.2998500749625266,70040.0,-0.8072510975782432,40.4,-0.49261083743843415,25521.0,2.9031087456151017,76.9365853658537,0.13014633526966524,,
2002-02-01,5.7,0.0,66.8,0.4511278195488577,,0.0,,0.0,,0.0,,0.0,,
2002-03-01,5.7,0.0,66.6,-0.29940119760479833,,0.0,,0.0,,0.0,,0.0,,
2002-04-01,5.9,3.5087719298245723,66.7,0.15015015015016342,,0.0,,0.0,,0.0,,0.0,,
2002-05-01,5.8,-1.6949152542372947,66.7,0.0,,0.0,,0.0,,0.0,,0.0,,
2002-06-01,5.8,0.0,66.6,-0.14992503748126884,,0.0,,0.0,,0.0,,0.0,,
2002-07-01,5.8,0.0,66.5,-0.15015015015014122,,0.0,,0.0,,0.0,,0.0,,
2002-08-01,5.7,-1.724137931034475,66.6,0.15037593984961184,,0.0,,0.0,,0.0,,0.0,,
2002-09-01,5.7,0.0,66.7,0.15015015015016342,,0.0,,0.0,,0.0,,0.0,,
2002-10-01,5.7,0.0,66.6,-0.14992503748126884,,0.0,,0.0,,0.0,,0.0,,
2002-11-01,5.9,3.5087719298245723,66.4,-0.30030030030028243,,0.0,,0.0,,0.0,,0.0,,
2002-12-01,6.0,1.6949152542372836,66.3,-0.1506024096385672,,0.0,,0.0,,0.0,,0.0,,
2003-01-01,5.8,-3.3333333333333326,66.4,0.15082956259429015,70080.0,0.05711022272987254,40.8,0.990099009900991,26635.0,4.365032718153672,77.0365853658537,0.1299771747400369,,
2003-02-01,5.9,1.7241379310344973,66.4,0.0,,0.0,,0.0,,0.0,,0.0,,
2003-03-01,5.9,0.0,66.3,-0.1506024096385672,,0.0,,0.0,,0.0,,0.0,,
2003-04-01,6.0,1.6949152542372836,66.4,0.15082956259429015,,0.0,,0.0,,0.0,,0.0,,
2003-05-01,6.1,1.6666666666666607,66.4,0.0,,0.0,,0.0,,0.0,,0.0,,
2003-06-01,6.3,3.2786885245901676,66.5,0.1506024096385561,,0.0,,0.0,,0.0,,0.0,,
2003-07-01,6.2,-1.5873015873015817,66.2,-0.4511278195488688,,0.0,,0.0,,0.0,,0.0,,
2003-08-01,6.1,-1.6129032258064613,66.1,-0.15105740181270422,,0.0,,0.0,,0.0,,0.0,,
2003-09-01,6.1,0.0,66.1,0.0,,0.0,,0.0,,0.0,,0.0,,
2003-10-01,6.0,-1.6393442622950727,66.1,0.0,,0.0,,0.0,,0.0,,0.0,,
2003-11-01,5.8,-3.3333333333333326,66.1,0.0,,0.0,,0.0,,0.0,,0.0,,
2003-12-01,5.7,-1.724137931034475,65.9,-0.3025718608169248,,0.0,,0.0,,0.0,,0.0,,
2004-01-01,5.7,0.0,66.1,0.3034901365705389,69970.0,-0.15696347031963764,40.5,-0.7352941176470562,28070.0,5.387647831800257,77.4878048780488,0.5857210701281979,,
2004-02-01,5.6,-1.7543859649122862,66.0,-0.1512859304084624,,0.0,,0.0,,0.0,,0.0,,
2004-03-01,5.8,3.571428571428581,66.0,0.0,,0.0,,0.0,,0.0,,0.0,,
2004-04-01,5.6,-3.4482758620689724,65.9,-0.15151515151514694,,0.0,,0.0,,0.0,,0.0,,
2004-05-01,5.6,0.0,66.0,0.15174506828528056,,0.0,,0.0,,0.0,,0.0,,
2004-06-01,5.6,0.0,66.1,0.15151515151514694,,0.0,,0.0,,0.0,,0.0,,
2004-07-01,5.5,-1.7857142857142794,66.1,0.0,,0.0,,0.0,,0.0,,0.0,,
2004-08-01,5.4,-1.8181818181818077,66.0,-0.1512859304084624,,0.0,,0.0,,0.0,,0.0,,
2004-09-01,5.4,0.0,65.8,-0.303030303030305,,0.0,,0.0,,0.0,,0.0,,
2004-10-01,5.5,1.8518518518518379,65.9,0.1519756838905817,,0.0,,0.0,,0.0,,0.0,,
2004-11-01,5.4,-1.8181818181818077,66.0,0.15174506828528056,,0.0,,0.0,,0.0,,0.0,,
2004-12-01,5.4,0.0,65.9,-0.15151515151514694,,0.0,,0.0,,0.0,,0.0,,
2005-01-01,5.3,-1.85185185185186,65.8,-0.15174506828529166,71060.0,1.5578104902100876,41.3,1.975308641975304,29626.0,5.543284645529045,77.4878048780488,0.0,,
2005-02-01,5.4,1.8867924528301883,65.9,0.1519756838905817,,0.0,,0.0,,0.0,,0.0,,
2005-03-01,5.2,-3.703703703703709,65.9,0.0,,0.0,,0.0,,0.0,,0.0,,
2005-04-01,5.2,0.0,66.1,0.3034901365705389,,0.0,,0.0,,0.0,,0.0,,
2005-05-01,5.1,-1.9230769230769384,66.1,0.0,,0.0,,0.0,,0.0,,0.0,,
2005-06-01,5.0,-1.9607843137254832,66.1,0.0,,0.0,,0.0,,0.0,,0.0,,
2005-07-01,5.0,0.0,66.1,0.0,,0.0,,0.0,,0.0,,0.0,,
2005-08-01,4.9,-1.9999999999999907,66.2,0.1512859304084957,,0.0,,0.0,,0.0,,0.0,,
2005-09-01,5.0,2.0408163265306145,66.1,-0.15105740181270422,,0.0,,0.0,,0.0,,0.0,,
2005-10-01,5.0,0.0,66.1,0.0,,0.0,,0.0,,0.0,,0.0,,
2005-11-01,5.0,0.0,66.0,-0.1512859304084624,,0.0,,0.0,,0.0,,0.0,,
2005-12-01,4.9,-1.9999999999999907,66.0,0.0,,0.0,,0.0,,0.0,,0.0,,
2006-01-01,4.7,-4.081632653061229,66.0,0.0,71850.0,1.111736560652976,41.7,0.9685230024213176,31046.0,4.793087153176256,77.6878048780488,0.25810513062636264,,
2006-02-01,4.8,2.127659574468077,66.1,0.15151515151514694,,0.0,,0.0,,0.0,,0.0,,
2006-03-01,4.7,-2.083333333333326,66.2,0.1512859304084957,,0.0,,0.0,,0.0,,0.0,,
2006-04-01,4.7,0.0,66.1,-0.15105740181270422,,0.0,,0.0,,0.0,,0.0,,
2006-05-01,4.6,-2.1276595744680993,66.1,0.0,,0.0,,0.0,,0.0,,0.0,,
2006-06-01,4.6,0.0,66.2,0.1512859304084957,,0.0,,0.0,,0.0,,0.0,,
2006-07-01,4.7,2.1739130434782705,66.1,-0.15105740181270422,,0.0,,0.0,,0.0,,0.0,,
2006-08-01,4.7,0.0,66.2,0.1512859304084957,,0.0,,0.0,,0.0,,0.0,,
2006-09-01,4.5,-4.255319148936176,66.1,-0.15105740181270422,,0.0,,0.0,,0.0,,0.0,,
2006-10-01,4.4,-2.2222222222222143,66.2,0.1512859304084957,,0.0,,0.0,,0.0,,0.0,,
2006-11-01,4.5,2.2727272727272707,66.3,0.1510574018126709,,0.0,,0.0,,0.0,,0.0,,
2006-12-01,4.4,-2.2222222222222143,66.4,0.15082956259429015,,0.0,,0.0,,0.0,,0.0,,
2007-01-01,4.6,4.545454545454519,66.4,0.0,73010.0,1.6144745998608157,41.1,-1.4388489208633115,32306.0,4.058493847838696,77.9878048780488,0.3861609946000488,,
2007-02-01,4.5,-2.1739130434782483,66.3,-0.1506024096385672,,0.0,,0.0,,0.0,,0.0,,
2007-03-01,4.4,-2.2222222222222143,66.2,-0.15082956259425684,,0.0,,0.0,,0.0,,0.0,,
2007-04-01,4.5,2.2727272727272707,65.9,-0.45317220543805714,,0.0,,0.0,,0.0,,0.0,,
2007-05-01,4.4,-2.2222222222222143,66.0,0.15174506828528056,,0.0,,0.0,,0.0,,0.0,,
2007-06-01,4.6,4.545454545454519,66.0,0.0,,0.0,,0.0,,0.0,,0.0,,
2007-07-01,4.7,2.1739130434782705,66.0,0.0,,0.0,,0.0,,0.0,,0.0,,
2007-08-01,4.6,-2.1276595744680993,65.8,-0.303030303030305,,0.0,,0.0,,0.0,,0.0,,
2007-09-01,4.7,2.1739130434782705,66.0,0.3039513677811634,,0.0,,0.0,,0.0,,0.0,,
2007-10-01,4.7,0.0,65.8,-0.303030303030305,,0.0,,0.0,,0.0,,0.0,,
2007-11-01,4.7,0.0,66.0,0.3039513677811634,,0.0,,0.0,,0.0,,0.0,,
2007-12-01,5.0,6.382978723404253,66.0,0.0,,0.0,,0.0,,0.0,,0.0,,
2008-01-01,5.0,0.0,66.2,0.3030303030303161,70520.0,-3.4104917134639146,41.1,0.0,33001.0,2.15130316349903,78.0390243902439,0.06567630961684667,,
2008-02-01,4.9,-1.9999999999999907,66.0,-0.30211480362538623,,0.0,,0.0,,0.0,,0.0,,
2008-03-01,5.1,4.081632653061207,66.1,0.15151515151514694,,0.0,,0.0,,0.0,,0.0,,
2008-04-01,5.0,-1.9607843137254832,65.9,-0.3025718608169248,,0.0,,0.0,,0.0,,0.0,,
2008-05-01,5.4,8.000000000000007,66.1,0.3034901365705389,,0.0,,0.0,,0.0,,0.0,,
2008-06-01,5.6,3.703703703703698,66.1,0.0,,0.0,,0.0,,0.0,,0.0,,
2008-07-01,5.8,3.571428571428581,66.1,0.0,,0.0,,0.0,,0.0,,0.0,,
2008-08-01,6.1,5.1724137931034475,66.1,0.0,,0.0,,0.0,,0.0,,0.0,,
2008-09-01,6.1,0.0,66.0,-0.1512859304084624,,0.0,,0.0,,0.0,,0.0,,
2008-10-01,6.5,6.557377049180335,66.0,0.0,,0.0,,0.0,,0.0,,0.0,,
2008-11-01,6.8,4.615384615384621,65.9,-0.15151515151514694,,0.0,,0.0,,0.0,,0.0,,
2008-12-01,7.3,7.352941176470584,65.8,-0.15174506828529166,,0.0,,0.0,,0.0,,0.0,,
2009-01-01,7.8,6.849315068493156,65.7,-0.1519756838905706,70070.0,-0.638116846284742,40.8,-0.7299270072992803,32194.0,-2.4453804430168757,78.390243902439,0.4500562570320943,,
2009-02-01,8.3,6.410256410256432,65.8,0.15220700152205335,,0.0,,0.0,,0.0,,0.0,,
2009-03-01,8.7,4.819277108433728,65.6,-0.3039513677811634,,0.0,,0.0,,0.0,,0.0,,
2009-04-01,9.0,3.4482758620689724,65.7,0.1524390243902607,,0.0,,0.0,,0.0,,0.0,,
2009-05-01,9.4,4.444444444444451,65.7,0.0,,0.0,,0.0,,0.0,,0.0,,
2009-06-01,9.5,1.0638297872340496,65.7,0.0,,0.0,,0.0,,0.0,,0.0,,
2009-07-01,9.5,0.0,65.5,-0.30441400304414,,0.0,,0.0,,0.0,,0.0,,
2009-08-01,9.6,1.0526315789473717,65.4,-0.15267175572518665,,0.0,,0.0,,0.0,,0.0,,
2009-09-01,9.8,2.083333333333348,65.1,-0.4587155963302947,,0.0,,0.0,,0.0,,0.0,,
2009-10-01,10.0,2.0408163265306145,65.0,-0.1536098310291778,,0.0,,0.0,,0.0,,0.0,,
2009-11-01,9.9,-1.0000000000000009,65.0,0.0,,0.0,,0.0,,0.0,,0.0,,
2009-12-01,9.9,0.0,64.6,-0.6153846153846287,,0.0,,0.0,,0.0,,0.0,,
2010-01-01,9.8,-1.0101010101010055,64.8,0.3095975232198178,68420.0,-2.3547880690737877,40.2,-1.4705882352941013,33115.0,2.8607815120829994,78.5414634146342,0.1929060360921886,,
2010-02-01,9.8,0.0,64.9,0.15432098765433278,,0.0,,0.0,,0.0,,0.0,,
2010-03-01,9.9,1.0204081632652962,64.9,0.0,,0.0,,0.0,,0.0,,0.0,,
2010-04-01,9.9,0.0,65.2,0.46224961479197635,,0.0,,0.0,,0.0,,0.0,,
2010-05-01,9.6,-3.0303030303030387,64.9,-0.4601226993865004,,0.0,,0.0,,0.0,,0.0,,
2010-06-01,9.4,-2.083333333333326,64.6,-0.46224961479200966,,0.0,,0.0,,0.0,,0.0,,
2010-07-01,9.4,0.0,64.6,0.0,,0.0,,0.0,,0.0,,0.0,,
2010-08-01,9.5,1.0638297872340496,64.7,0.1547987616099311,,0.0,,0.0,,0.0,,0.0,,
2010-09-01,9.5,0.0,64.6,-0.15455950540959051,,0.0,,0.0,,0.0,,0.0,,
2010-10-01,9.4,-1.0526315789473606,64.4,-0.3095975232197956,,0.0,,0.0,,0.0,,0.0,,
2010-11-01,9.8,4.255319148936176,64.6,0.31055900621115295,,0.0,,0.0,,0.0,,0.0,,
2010-12-01,9.3,-5.102040816326525,64.3,-0.4643962848297156,,0.0,,0.0,,0.0,,0.0,,
2011-01-01,9.1,-2.1505376344086113,64.2,-0.15552099533435726,67410.0,-1.476176556562414,41.2,2.487562189054726,34259.0,3.4546278121697194,78.6414634146341,0.12732128439216783,,
2011-02-01,9.0,-1.098901098901095,64.1,-0.15576323987540608,,0.0,,0.0,,0.0,,0.0,,
2011-03-01,9.0,0.0,64.2,0.15600624024962872,,0.0,,0.0,,0.0,,0.0,,
2011-04-01,9.1,1.1111111111111072,64.2,0.0,,0.0,,0.0,,0.0,,0.0,,
2011-05-01,9.0,-1.098901098901095,64.1,-0.15576323987540608,,0.0,,0.0,,0.0,,0.0,,
2011-06-01,9.1,1.1111111111111072,64.0,-0.15600624024960652,,0.0,,0.0,,0.0,,0.0,,
2011-07-01,9.0,-1.098901098901095,64.0,0.0,,0.0,,0.0,,0.0,,0.0,,
2011-08-01,9.0,0.0,64.1,0.15624999999999112,,0.0,,0.0,,0.0,,0.0,,
2011-09-01,9.0,0.0,64.2,0.15600624024962872,,0.0,,0.0,,0.0,,0.0,,
2011-10-01,8.8,-2.2222222222222143,64.1,-0.15576323987540608,,0.0,,0.0,,0.0,,0.0,,
2011-11-01,8.6,-2.272727272727282,64.1,0.0,,0.0,,0.0,,0.0,,0.0,,
2011-12-01,8.5,-1.1627906976744096,64.0,-0.15600624024960652,,0.0,,0.0,,0.0,,0.0,,
2012-01-01,8.3,-2.35294117647058,63.7,-0.46874999999999556,67400.0,-0.014834594273849255,41.2,0.0,35102.0,2.460667269914474,78.7414634146342,0.1271593834321738,,
2012-02-01,8.3,0.0,63.8,0.15698587127157548,,0.0,,0.0,,0.0,,0.0,,
2012-03-01,8.2,-1.2048192771084487,63.8,0.0,,0.0,,0.0,,0.0,,0.0,,
2012-04-01,8.2,0.0,63.7,-0.15673981191222097,,0.0,,0.0,,0.0,,0.0,,
2012-05-01,8.2,0.0,63.7,0.0,,0.0,,0.0,,0.0,,0.0,,
2012-06-01,8.2,0.0,63.8,0.15698587127157548,,0.0,,0.0,,0.0,,0.0,,
2012-07-01,8.2,0.0,63.7,-0.15673981191222097,,0.0,,0.0,,0.0,,0.0,,
2012-08-01,8.1,-1.2195121951219523,63.5,-0.31397174254317317,,0.0,,0.0,,0.0,,0.0,,
2012-09-01,7.8,-3.703703703703698,63.6,0.15748031496063408,,0.0,,0.0,,0.0,,0.0,,
2012-10-01,7.8,0.0,63.8,0.3144654088050203,,0.0,,0.0,,0.0,,0.0,,
2012-11-01,7.7,-1.2820512820512775,63.6,-0.31347962382444194,,0.0,,0.0,,0.0,,0.0,,
2012-12-01,7.9,2.5974025974025983,63.7,0.15723270440251014,,0.0,,0.0,,0.0,,0.0,,
2013-01-01,8.0,1.2658227848101111,63.7,0.0,69950.0,3.783382789317513,40.9,-0.728155339805836,35914.0,2.313258503788962,78.7414634146342,0.0,,
2013-02-01,7.7,-3.749999999999998,63.4,-0.47095761381475976,,0.0,,0.0,,0.0,,0.0,,
2013-03-01,7.5,-2.5974025974025983,63.3,-0.1577287066246047,,0.0,,0.0,,0.0,,0.0,,
2013-04-01,7.6,1.3333333333333197,63.4,0.15797788309637184,,0.0,,0.0,,0.0,,0.0,,
2013-05-01,7.5,-1.3157894736842035,63.4,0.0,,0.0,,0.0,,0.0,,0.0,,
2013-06-01,7.5,0.0,63.4,0.0,,0.0,,0.0,,0.0,,0.0,,
2013-07-01,7.3,-2.6666666666666727,63.3,-0.1577287066246047,,0.0,,0.0,,0.0,,0.0,,
2013-08-01,7.2,-1.3698630136986245,63.3,0.0,,0.0,,0.0,,0.0,,0.0,,
2013-09-01,7.2,0.0,63.2,-0.15797788309636074,,0.0,,0.0,,0.0,,0.0,,
2013-10-01,7.2,0.0,62.8,-0.6329113924050778,,0.0,,0.0,,0.0,,0.0,,
2013-11-01,6.9,-4.1666666666666625,63.0,0.31847133757962887,,0.0,,0.0,,0.0,,0.0,,
2013-12-01,6.7,-2.898550724637683,62.9,-0.15873015873015817,,0.0,,0.0,,0.0,,0.0,,
2014-01-01,6.6,-1.4925373134328401,62.9,0.0,69060.0,-1.272337383845601,41.7,1.9559902200489088,37154.0,3.452692543297875,78.8414634146341,0.12699789369334802,,
2014-02-01,6.7,1.5151515151515138,62.9,0.0,,0.0,,0.0,,0.0,,0.0,,
2014-03-01,6.7,0.0,63.1,0.31796502384737746,,0.0,,0.0,,0.0,,0.0,,
2014-04-01,6.2,-7.462686567164178,62.8,-0.47543581616482644,,0.0,,0.0,,0.0,,0.0,,
2014-05-01,6.3,1.6129032258064502,62.9,0.15923566878981443,,0.0,,0.0,,0.0,,0.0,,
2014-06-01,6.1,-3.1746031746031744,62.8,-0.15898251192368873,,0.0,,0.0,,0.0,,0.0,,
2014-07-01,6.2,1.6393442622950838,62.9,0.15923566878981443,,0.0,,0.0,,0.0,,0.0,,
2014-08-01,6.1,-1.6129032258064613,62.9,0.0,,0.0,,0.0,,0.0,,0.0,,
2014-09-01,5.9,-3.2786885245901565,62.8,-0.15898251192368873,,0.0,,0.0,,0.0,,0.0,,
2014-10-01,5.7,-3.3898305084745783,62.9,0.15923566878981443,,0.0,,0.0,,0.0,,0.0,,
2014-11-01,5.8,1.754385964912264,62.9,0.0,,0.0,,0.0,,0.0,,0.0,,
2014-12-01,5.6,-3.4482758620689724,62.8,-0.15898251192368873,,0.0,,0.0,,0.0,,0.0,,
2015-01-01,5.7,1.7857142857143016,62.9,0.15923566878981443,72790.0,5.401100492325517,41.5,-0.47961630695444457,38177.0,2.7534047478064316,78.690243902439,-0.19180201082752424,,
2015-02-01,5.5,-3.508771929824561,62.7,-0.31796502384736636,,0.0,,0.0,,0.0,,0.0,,
2015-03-01,5.4,-1.8181818181818077,62.6,-0.15948963317384823,,0.0,,0.0,,0.0,,0.0,,
2015-04-01,5.4,0.0,62.8,0.31948881789136685,,0.0,,0.0,,0.0,,0.0,,
2015-05-01,5.6,3.703703703703698,62.9,0.15923566878981443,,0.0,,0.0,,0.0,,0.0,,
2015-06-01,5.3,-5.357142857142849,62.7,-0.31796502384736636,,0.0,,0.0,,0.0,,0.0,,
2015-07-01,5.2,-1.8867924528301772,62.6,-0.15948963317384823,,0.0,,0.0,,0.0,,0.0,,
2015-08-01,5.1,-1.9230769230769384,62.6,0.0,,0.0,,0.0,,0.0,,0.0,,
2015-09-01,5.0,-1.9607843137254832,62.4,-0.31948881789137795,,0.0,,0.0,,0.0,,0.0,,
2015-10-01,5.0,0.0,62.5,0.1602564102564097,,0.0,,0.0,,0.0,,0.0,,
2015-11-01,5.1,2.0000000000000018,62.5,0.0,,0.0,,0.0,,0.0,,0.0,,
2015-12-01,5.0,-1.9607843137254832,62.7,0.32000000000000917,,0.0,,0.0,,0.0,,0.0,,
2016-01-01,4.8,-4.0000000000000036,62.7,0.0,75380.0,3.5581810688281257,41.3,-0.48192771084337727,39207.0,2.6979595044136495,78.5390243902439,-0.1921705978984889,,
2016-02-01,4.9,2.083333333333348,62.8,0.15948963317382603,,0.0,,0.0,,0.0,,0.0,,
2016-03-01,5.0,2.0408163265306145,63.0,0.31847133757962887,,0.0,,0.0,,0.0,,0.0,,
2016-04-01,5.1,2.0000000000000018,62.9,-0.15873015873015817,,0.0,,0.0,,0.0,,0.0,,
2016-05-01,4.8,-5.882352941176472,62.7,-0.31796502384736636,,0.0,,0.0,,0.0,,0.0,,
2016-06-01,4.9,2.083333333333348,62.7,0.0,,0.0,,0.0,,0.0,,0.0,,
2016-07-01,4.8,-2.0408163265306256,62.8,0.15948963317382603,,0.0,,0.0,,0.0,,0.0,,
2016-08-01,4.9,2.083333333333348,62.9,0.15923566878981443,,0.0,,0.0,,0.0,,0.0,,
2016-09-01,5.0,2.0408163265306145,62.9,0.0,,0.0,,0.0,,0.0,,0.0,,
2016-10-01,4.9,-1.9999999999999907,62.8,-0.15898251192368873,,0.0,,0.0,,0.0,,0.0,,
2016-11-01,4.7,-4.081632653061229,62.7,-0.15923566878980333,,0.0,,0.0,,0.0,,0.0,,
2016-12-01,4.7,0.0,62.7,0.0,,0.0,,0.0,,0.0,,0.0,,
2017-01-01,4.7,0.0,62.8,0.15948963317382603,76710.0,1.7643937383921449,41.4,0.2421307506053294,40662.0,3.7110720024485344,78.5390243902439,0.0,,
2017-02-01,4.6,-2.1276595744680993,62.9,0.15923566878981443,,0.0,,0.0,,0.0,,0.0,,
2017-03-01,4.4,-4.347826086956507,62.9,0.0,,0.0,,0.0,,0.0,,0.0,,
2017-04-01,4.4,0.0,63.0,0.15898251192369983,,0.0,,0.0,,0.0,,0.0,,
2017-05-01,4.4,0.0,62.8,-0.31746031746032743,,0.0,,0.0,,0.0,,0.0,,
2017-06-01,4.3,-2.272727272727282,62.8,0.0,,0.0,,0.0,,0.0,,0.0,,
2017-07-01,4.3,0.0,62.9,0.15923566878981443,,0.0,,0.0,,0.0,,0.0,,
2017-08-01,4.4,2.3255813953488413,62.9,0.0,,0.0,,0.0,,0.0,,0.0,,
2017-09-01,4.3,-2.272727272727282,63.1,0.31796502384737746,,0.0,,0.0,,0.0,,0.0,,
2017-10-01,4.2,-2.3255813953488302,62.7,-0.6339144215530834,,0.0,,0.0,,0.0,,0.0,,
2017-11-01,4.2,0.0,62.7,0.0,,0.0,,0.0,,0.0,,0.0,,
2017-12-01,4.1,-2.3809523809523947,62.7,0.0,,0.0,,0.0,,0.0,,0.0,,
2018-01-01,4.0,-2.4390243902438935,62.7,0.0,77700.0,1.290574892452101,41.8,0.9661835748792313,42380.0,4.225075008607537,78.6390243902439,0.12732523834664278,,
2018-02-01,4.1,2.499999999999991,63.0,0.4784688995215225,,0.0,,0.0,,0.0,,0.0,,
2018-03-01,4.0,-2.4390243902438935,62.9,-0.15873015873015817,,0.0,,0.0,,0.0,,0.0,,
2018-04-01,4.0,0.0,62.9,0.0,,0.0,,0.0,,0.0,,0.0,,
2018-05-01,3.8,-5.000000000000004,62.9,0.0,,0.0,,0.0,,0.0,,0.0,,
2018-06-01,4.0,5.263157894736836,63.0,0.15898251192369983,,0.0,,0.0,,0.0,,0.0,,
2018-07-01,3.8,-5.000000000000004,63.0,0.0,,0.0,,0.0,,0.0,,0.0,,
2018-08-01,3.8,0.0,62.6,-0.6349206349206327,,0.0,,0.0,,0.0,,0.0,,
2018-09-01,3.7,-2.631578947368407,62.8,0.31948881789136685,,0.0,,0.0,,0.0,,0.0,,
2018-10-01,3.8,2.7027027027026973,62.9,0.15923566878981443,,0.0,,0.0,,0.0,,0.0,,
2018-11-01,3.8,0.0,62.9,0.0,,0.0,,0.0,,0.0,,0.0,,
2018-12-01,3.9,2.6315789473684292,63.0,0.15898251192369983,,0.0,,0.0,,0.0,,0.0,,
2019-01-01,4.0,2.564102564102577,63.1,0.15873015873015817,83260.0,7.155727155727165,41.9,0.23923444976077235,43682.0,3.07220386974989,78.7878048780488,0.189194218720945,,
2019-02-01,3.8,-5.000000000000004,63.1,0.0,,0.0,,0.0,,0.0,,0.0,,
2019-03-01,3.8,0.0,63.0,-0.15847860538827918,,0.0,,0.0,,0.0,,0.0,,
2019-04-01,3.7,-2.631578947368407,62.8,-0.31746031746032743,,0.0,,0.0,,0.0,,0.0,,
2019-05-01,3.6,-2.7027027027027084,62.9,0.15923566878981443,,0.0,,0.0,,0.0,,0.0,,
2019-06-01,3.6,0.0,63.0,0.15898251192369983,,0.0,,0.0,,0.0,,0.0,,
2019-07-01,3.7,2.77777777777779,63.1,0.15873015873015817,,0.0,,0.0,,0.0,,0.0,,
2019-08-01,3.6,-2.7027027027027084,63.1,0.0,,0.0,,0.0,,0.0,,0.0,,
2019-09-01,3.5,-2.777777777777779,63.2,0.15847860538826808,,0.0,,0.0,,0.0,,0.0,,
2019-10-01,3.6,2.857142857142869,63.3,0.15822784810126667,,0.0,,0.0,,0.0,,0.0,,
2019-11-01,3.6,0.0,63.3,0.0,,0.0,,0.0,,0.0,,0.0,,
2019-12-01,3.6,0.0,63.3,0.0,,0.0,,0.0,,0.0,,0.0,,
2020-01-01,3.6,0.0,63.3,0.0,81580.0,-2.017775642565456,40.0,-4.534606205250591,42886.0,-1.8222608854905897,76.9804878048781,-2.2939045909048383,,
2020-02-01,3.5,-2.777777777777779,63.3,0.0,,0.0,,0.0,,0.0,,0.0,,
2020-03-01,4.4,25.714285714285733,62.6,-1.1058451816745585,,0.0,,0.0,,0.0,,0.0,,
2020-04-01,14.8,236.36363636363632,60.1,-3.9936102236421744,,0.0,,0.0,,0.0,,0.0,,
2020-05-01,13.2,-10.810810810810823,60.8,1.1647254575707144,,0.0,,0.0,,0.0,,0.0,,
2020-06-01,11.0,-16.666666666666664,61.5,1.1513157894736947,,0.0,,0.0,,0.0,,0.0,,
2020-07-01,10.2,-7.272727272727275,61.5,0.0,,0.0,,0.0,,0.0,,0.0,,
2020-08-01,8.4,-17.647058823529406,61.7,0.3252032520325354,,0.0,,0.0,,0.0,,0.0,,
2020-09-01,7.8,-7.142857142857151,61.4,-0.4862236628849326,,0.0,,0.0,,0.0,,0.0,,
2020-10-01,6.9,-11.538461538461531,61.7,0.48859934853420217,,0.0,,0.0,,0.0,,0.0,,
2020-11-01,6.7,-2.898550724637683,61.5,-0.32414910858995505,,0.0,,0.0,,0.0,,0.0,,
2020-12-01,6.7,0.0,61.5,0.0,,0.0,,0.0,,0.0,,0.0,,
2021-01-01,6.4,-4.477611940298509,61.4,-0.1626016260162677,81270.0,-0.3799950968374599,39.7,-0.7499999999999951,48480.0,13.043883784918165,76.3292682926829,-0.8459539953109108,,
2021-02-01,6.2,-3.125,61.4,0.0,,0.0,,0.0,,0.0,,0.0,,
2021-03-01,6.1,-1.6129032258064613,61.5,0.16286644951140072,,0.0,,0.0,,0.0,,0.0,,
2021-04-01,6.1,0.0,61.6,0.1626016260162677,,0.0,,0.0,,0.0,,0.0,,
2021-05-01,5.8,-4.91803278688524,61.6,0.0,,0.0,,0.0,,0.0,,0.0,,
2021-06-01,5.9,1.7241379310344973,61.7,0.16233766233766378,,0.0,,0.0,,0.0,,0.0,,
2021-07-01,5.4,-8.47457627118644,61.8,0.16207455429497752,,0.0,,0.0,,0.0,,0.0,,
2021-08-01,5.1,-5.55555555555557,61.7,-0.16181229773462036,,0.0,,0.0,,0.0,,0.0,,
2021-09-01,4.7,-7.843137254901955,61.7,0.0,,0.0,,0.0,,0.0,,0.0,,
2021-10-01,4.5,-4.255319148936176,61.8,0.16207455429497752,,0.0,,0.0,,0.0,,0.0,,
2021-11-01,4.2,-6.666666666666665,61.9,0.16181229773462036,,0.0,,0.0,,0.0,,0.0,,
2021-12-01,3.9,-7.142857142857151,62.0,0.1615508885298933,,0.0,,0.0,,0.0,,0.0,,
2022-01-01,4.0,2.564102564102577,62.2,0.3225806451612856,79500.0,-2.1779254337393916,41.7,5.037783375314864,52905.0,9.127475247524753,77.4341463414634,1.4475155775683257,,
2022-02-01,3.8,-5.000000000000004,62.2,0.0,,0.0,,0.0,,0.0,,0.0,,
2022-03-01,3.7,-2.631578947368407,62.3,0.1607717041800516,,0.0,,0.0,,0.0,,0.0,,
2022-04-01,3.7,0.0,62.2,-0.16051364365969878,,0.0,,0.0,,0.0,,0.0,,
2022-05-01,3.6,-2.7027027027027084,62.3,0.1607717041800516,,0.0,,0.0,,0.0,,0.0,,
2022-06-01,3.6,0.0,62.2,-0.16051364365969878,,0.0,,0.0,,0.0,,0.0,,
2022-07-01,3.5,-2.777777777777779,62.1,-0.1607717041800627,,0.0,,0.0,,0.0,,0.0,,
2022-08-01,3.6,2.857142857142869,62.3,0.32206119162641045,,0.0,,0.0,,0.0,,0.0,,
2022-09-01,3.5,-2.777777777777779,62.3,0.0,,0.0,,0.0,,0.0,,0.0,,
2022-10-01,3.6,2.857142857142869,62.2,-0.16051364365969878,,0.0,,0.0,,0.0,,0.0,,
2022-11-01,3.6,0.0,62.1,-0.1607717041800627,,0.0,,0.0,,0.0,,0.0,,
2022-12-01,3.5,-2.777777777777779,62.3,0.32206119162641045,,0.0,,0.0,,0.0,,0.0,,
2023-01-01,3.5,0.0,62.4,0.16051364365972098,82690.0,4.012578616352203,41.8,0.23980815347719453,55861.0,5.5873735941782465,78.3853658536585,1.228423837722037,,
2023-02-01,3.6,2.857142857142869,62.5,0.1602564102564097,,0.0,,0.0,,0.0,,0.0,,
2023-03-01,3.5,-2.777777777777779,62.6,0.16000000000000458,,0.0,,0.0,,0.0,,0.0,,
2023-04-01,3.4,-2.857142857142858,62.6,0.0,,0.0,,0.0,,0.0,,0.0,,
2023-05-01,3.6,5.882352941176472,62.6,0.0,,0.0,,0.0,,0.0,,0.0,,
2023-06-01,3.6,0.0,62.6,0.0,,0.0,,0.0,,0.0,,0.0,,
2023-07-01,3.5,-2.777777777777779,62.6,0.0,,0.0,,0.0,,0.0,,0.0,,
2023-08-01,3.7,5.714285714285716,62.8,0.31948881789136685,,0.0,,0.0,,0.0,,0.0,,
2023-09-01,3.8,2.7027027027026973,62.7,-0.15923566878980333,,0.0,,0.0,,0.0,,0.0,,
2023-10-01,3.9,2.6315789473684292,62.7,0.0,,0.0,,0.0,,0.0,,0.0,,
2023-11-01,3.7,-5.128205128205121,62.8,0.15948963317382603,,0.0,,0.0,,0.0,,0.0,,
2023-12-01,3.8,2.7027027027026973,62.5,-0.4777070063694211,,0.0,,0.0,,0.0,,0.0,,
2024-01-01,3.7,-2.631578947368407,62.5,0.0,83730.0,1.2577095174749031,,0.0,58481.0,4.6902132077836,,0.0,,
2024-02-01,3.9,5.405405405405395,62.6,0.16000000000000458,,0.0,,0.0,,0.0,,0.0,,
2024-03-01,3.9,0.0,62.7,0.15974440894568342,,0.0,,0.0,,0.0,,0.0,,
2024-04-01,3.9,0.0,62.7,0.0,,0.0,,0.0,,0.0,,0.0,,
2024-05-01,4.0,2.564102564102577,62.6,-0.15948963317384823,,0.0,,0.0,,0.0,,0.0,,
2024-06-01,4.1,2.499999999999991,62.6,0.0,,0.0,,0.0,,0.0,,0.0,,
2024-07-01,4.2,2.4390243902439046,62.7,0.15974440894568342,,0.0,,0.0,,0.0,,0.0,,
2024-08-01,4.2,0.0,62.7,0.0,,0.0,,0.0,,0.0,,0.0,,
2024-09-01,4.1,-2.3809523809523947,62.7,0.0,,0.0,,0.0,,0.0,,0.0,,
2024-10-01,4.1,0.0,62.5,-0.31897926634769647,,0.0,,0.0,,0.0,,0.0,,
2024-11-01,4.2,2.4390243902439046,62.5,0.0,,0.0,,0.0,,0.0,,0.0,,
2024-12-01,4.1,-2.3809523809523947,62.5,0.0,,0.0,,0.0,,0.0,,0.0,,
2025-01-01,4.0,-2.4390243902438935,62.6,0.16000000000000458,,0.0,,0.0,,0.0,,0.0,,
2025-02-01,4.1,2.499999999999991,62.4,-0.31948881789137795,,0.0,,0.0,,0.0,,0.0,,
2025-03-01,4.2,2.4390243902439046,62.5,0.1602564102564097,,0.0,,0.0,,0.0,,0.0,,
2025-04-01,4.2,0.0,62.6,0.16000000000000458,,0.0,,0.0,,0.0,,0.0,,
2025-05-01,4.2,0.0,62.4,-0.31948881789137795,,0.0,,0.0,,0.0,,0.0,,
2025-06-01,4.1,-2.3809523809523947,62.3,-0.1602564102564097,,0.0,,0.0,,0.0,,0.0,,
2025-07-01,4.2,2.4390243902439046,62.2,-0.16051364365969878,,0.0,,0.0,,0.0,,0.0,,
2025-08-01,4.3,2.3809523809523725,62.3,0.1607717041800516,,0.0,,0.0,,0.0,,0.0,,
